outcome_key,outcome,family,outcome_order,geo_key,geography,geo_order,property_key,property_type,property_order,fe_key,fixed_effects,fe_order,sample_key,status,benchmark,benchmark_se,benchmark_p,centroid,centroid_se,centroid_p,delta,relative_change_percent,se_difference,absorption_r2,N,bootstrap_se,ci_low,ci_high,p_value_delta,clusters,global_fdr_q,within_outcome_fdr_q,relative_ci_low,relative_ci_high,absorption_percent
cbd,CBD distance,primary,1,sa1,SA1,1,house,House,1,none,No FE,1,full,estimated,-0.308674585741528,0.000872144424882573,0,-0.308683727879238,0.000872138273306942,0,-0.00000914213770997208,0.00296173968712399,-0.00000000615157563137268,,281194,0.0000517738401207628,-0.0000968058008063766,0.0000752705090947992,0.936,16759,0.9828,0.999,-0.0243850684739649,0.0313617658460026,
cbd,CBD distance,primary,1,sa1,SA1,1,house,House,1,sa3,SA3,2,full,estimated,-0.191404476124357,0.0474668347801416,0.000234282898109321,-0.19242724109207,0.0477915488335128,0.000238594593837775,-0.0010227649677122,0.534347465859519,0.00032471405337111,0.990529305181043,281194,0.00136550163869522,-0.00347547899224716,0.00139997004771368,0.536,16759,0.67536,0.877090909090909,-0.731419701388857,1.8157772809812,99.0529305181043
cbd,CBD distance,primary,1,sa1,SA1,1,house,House,1,sa4,SA4,3,full,estimated,-0.327662715909045,0.0467783046258063,0.000000157402725662195,-0.327661411314661,0.0469414209809111,0.00000016742633373068,0.00000130459438413277,-0.000398151611635811,0.000163116355104735,0.963395699352221,281194,0.000412221057381325,-0.000728491097999878,0.000734931480955672,0.999,16759,0.999,0.999,-0.224295119729057,0.222329567152248,96.3395699352221
cbd,CBD distance,primary,1,sa1,SA1,1,apartment,Apartment,2,none,No FE,1,full,estimated,-0.192859988435046,0.00161483269352232,0,-0.192867108055962,0.00161338701126847,0,-0.00000711962091592966,0.00369160082072106,-0.00000144568225384466,,58217,0.000126517734264193,-0.000251191597931254,0.00024694855100601,0.965,5229,0.999,0.999,-0.128045507525881,0.130245573469923,
cbd,CBD distance,primary,1,sa1,SA1,1,apartment,Apartment,2,sa3,SA3,2,full,estimated,-0.197374967141006,0.0692055335282612,0.00684268807810906,-0.195647457954333,0.0659697132958075,0.00507303236808773,0.001727509186673,-0.875242292219791,-0.00323582023245372,0.973032498582244,58216,0.00190721682606686,-0.00228317002572793,0.00540777128115731,0.363,5229,0.557780487804878,0.8595,-2.73984657704539,1.15676778002796,97.3032498582244
cbd,CBD distance,primary,1,sa1,SA1,1,apartment,Apartment,2,sa4,SA4,3,full,estimated,-0.272398776311001,0.02578855591001,0.0000000000433033687790765,-0.27090195197988,0.0259236020966231,0.0000000000547624776628159,0.00149682433112069,-0.549497450536174,0.000135046186613107,0.936013188539772,58216,0.00121976340173886,-0.000863697742731104,0.0038940205471955,0.234,5229,0.387947368421053,0.8424,-1.42952938332941,0.31707108028452,93.6013188539772
cbd,CBD distance,primary,1,sa2,SA2,2,house,House,1,none,No FE,1,full,estimated,-0.308674585741528,0.000872144424882573,0,-0.309163770979781,0.000872415936359345,0,-0.000489185238253143,0.158479272622314,0.000000271511476771565,,281194,0.000473515269487036,-0.00136987175043742,0.000440930549877377,0.316,621,0.504,0.8595,-0.142846405322982,0.443791557101009,
cbd,CBD distance,primary,1,sa2,SA2,2,house,House,1,sa3,SA3,2,full,estimated,-0.191404476124357,0.0474668347801416,0.000234282898109321,-0.197745226563968,0.0474001038805885,0.000152927337733676,-0.00634075043961024,3.31274929824035,-0.0000667308995531205,0.990828096159672,281194,0.00921976482737159,-0.0235423444998135,0.0111165669169665,0.5,621,0.649484536082474,0.877090909090909,-5.80789286753353,12.2997878505818,99.0828096159672
cbd,CBD distance,primary,1,sa2,SA2,2,house,House,1,sa4,SA4,3,full,estimated,-0.327662715909045,0.0467783046258063,0.000000157402725662195,-0.328362131351264,0.0450496473718462,0.0000000769959892866256,-0.000699415442219076,0.213455913126603,-0.00172865725396009,0.96290650608756,281194,0.00388622362682049,-0.00774717457031851,0.00683049658554315,0.868,621,0.942827586206896,0.999,-2.08461208855975,2.36437476532088,96.290650608756
cbd,CBD distance,primary,1,sa2,SA2,2,apartment,Apartment,2,none,No FE,1,full,estimated,-0.192859988435046,0.00161483269352232,0,-0.193005508705761,0.00160610884134987,0,-0.000145520270715238,0.0754538418756834,-0.00000872385217244261,,58217,0.000985947233916115,-0.00212928506542595,0.00178825944750426,0.89,560,0.958461538461538,0.999,-0.927231958279691,1.10405744742802,
cbd,CBD distance,primary,1,sa2,SA2,2,apartment,Apartment,2,sa3,SA3,2,full,estimated,-0.197374967141006,0.0692055335282612,0.00684268807810906,-0.217727754749203,0.0556647959327096,0.000346888411838683,-0.0203527876081963,10.3117370470067,-0.0135407375955517,0.973069948329122,58216,0.0123361588030033,-0.0444980827478917,0.00311754943180715,0.104,560,0.2016,0.468,-1.57950599154753,22.5449475140897,97.3069948329122
cbd,CBD distance,primary,1,sa2,SA2,2,apartment,Apartment,2,sa4,SA4,3,full,estimated,-0.272398776311001,0.02578855591001,0.0000000000433033687790765,-0.274262582789702,0.0200853601671669,0.000000000000122246683395189,-0.00186380647870105,0.684219842666667,-0.00570319574284308,0.933624980325546,58216,0.00715772874624879,-0.0158423554623075,0.0109796342603501,0.812,560,0.897473684210526,0.999,-4.03072084575538,5.81586880706839,93.3624980325546
cbd,CBD distance,primary,1,poa,Postcode,3,house,House,1,none,No FE,1,full,estimated,-0.308609502942685,0.000872302905275813,0,-0.309747040344948,0.000870969402818272,0,-0.00113753740226219,0.368600899005189,-0.00000133350245754178,,281076,0.00152616684125305,-0.00396339745760131,0.00167781275633569,0.483,596,0.640610526315789,0.877090909090909,-0.543668532672274,1.28427589552788,
cbd,CBD distance,primary,1,poa,Postcode,3,house,House,1,sa3,SA3,2,full,estimated,-0.191103601907161,0.0475113119862204,0.000241594428709747,-0.182867319777506,0.0410245492547188,0.0000629547099867361,0.00823628212965527,-4.30985185389466,-0.00648676273150157,0.987623217645069,281076,0.017531456261989,-0.0246908181921677,0.0433865172781587,0.656,596,0.7872,0.984,-22.7031394726071,12.9201218322209,98.7623217645069
cbd,CBD distance,primary,1,poa,Postcode,3,house,House,1,sa4,SA4,3,full,estimated,-0.327564009866097,0.0467979683967773,0.000000159429548337693,-0.308791913027925,0.0449216602633004,0.000000219297892863373,0.0187720968381729,-5.73081787765593,-0.00187630813347691,0.958595544075352,281076,0.0106267476511317,-0.00164498247180183,0.0386023149064723,0.072,596,0.153762711864407,0.468,-11.7846630715787,0.502186571862478,95.8595544075353
cbd,CBD distance,primary,1,poa,Postcode,3,apartment,Apartment,2,none,No FE,1,full,estimated,-0.192880879887444,0.00161463034463723,0,-0.178604013627366,0.00149642219569432,0,0.0142768662600776,-7.40190850871738,-0.000118208148942916,,58204,0.0136038738532995,-0.00494873304201483,0.0335667836335661,0.382,421,0.562891304347826,0.8595,-17.4028569618483,2.56569393757571,
cbd,CBD distance,primary,1,poa,Postcode,3,apartment,Apartment,2,sa3,SA3,2,full,estimated,-0.197448325838085,0.069199799945698,0.00681960714525305,-0.11236281164462,0.0086621637287497,0.000000000000000647109112140704,0.0850855141934655,-43.0925478007034,-0.0605376362169483,0.917470985385219,58203,0.0519797658543976,-0.00766934517491298,0.17986141752526,0.094,421,0.1850625,0.468,-91.0929058333738,3.88422902162368,91.7470985385219
cbd,CBD distance,primary,1,poa,Postcode,3,apartment,Apartment,2,sa4,SA4,3,full,estimated,-0.272517967270345,0.0257705782007398,0.0000000000422393411957668,-0.163431575174353,0.0367411765940633,0.000134074169350768,0.109086392095992,-40.0290642076366,0.0109705983933236,0.869061553179131,58203,0.0421088896127231,0.0430242774581538,0.173591858682091,0.001,421,0.0043448275862069,0.018,-63.6992343737409,-15.7876847127193,86.9061553179131
shops1,Shops within 1 km,primary,2,sa1,SA1,1,house,House,1,none,No FE,1,full,estimated,0.0473143644741114,0.00049941000532731,0,0.0506973532171173,0.000499586892026609,0,0.00338298874300591,7.15002469251584,0.000000176886699299115,,281194,0.000910141338672912,0.00163506983832224,0.00520872977077392,0.001,16759,0.0043448275862069,0.0045,3.45575779469021,11.0087704414247,
shops1,Shops within 1 km,primary,2,sa1,SA1,1,house,House,1,sa3,SA3,2,full,estimated,0.0195462534708516,0.00306271121393629,0.000000123800174763277,0.0220556473351155,0.00322523960073747,0.0000000278726606495646,0.00250939386426386,12.8382345394528,0.000162528386801181,0.271780300173965,281194,0.000673813680995042,0.00118707070691849,0.00378499982752707,0.001,16759,0.0043448275862069,0.0045,6.07313677113983,19.364323875015,27.1780300173965
shops1,Shops within 1 km,primary,2,sa1,SA1,1,house,House,1,sa4,SA4,3,full,estimated,0.0275664686084983,0.00452041563499582,0.00000163388575004431,0.0306590394056633,0.00504595920300139,0.00000173229199639357,0.00309257079716498,11.2185961904877,0.000525543568005575,0.203649671577253,281194,0.000923031561011551,0.00134440254613008,0.00480494676876842,0.001,16759,0.0043448275862069,0.0045,4.87694874966909,17.4304037162277,20.3649671577253
shops1,Shops within 1 km,primary,2,sa1,SA1,1,apartment,Apartment,2,none,No FE,1,full,estimated,0.0477570719777276,0.00117160920691529,0,0.0518890574774247,0.00118521237231329,0,0.00413198549969707,8.65209136277052,0.0000136031653980052,,58217,0.00480987937653889,-0.00393556408339224,0.0126442304760001,0.497,5229,0.649484536082474,0.659571428571429,-8.24079852556216,26.4761425949584,
shops1,Shops within 1 km,primary,2,sa1,SA1,1,apartment,Apartment,2,sa3,SA3,2,full,estimated,0.0204719930716891,0.00541443552050952,0.000511053635641657,0.0223303160534883,0.00529214908952962,0.000136482988428448,0.00185832298179926,9.07739161151413,-0.000122286430979899,0.385826225211247,58216,0.00327767761557613,-0.00399668494549279,0.00754665566063904,0.678,5229,0.798392523364486,0.749647058823529,-19.5226958679458,36.8633167968163,38.5826225211247
shops1,Shops within 1 km,primary,2,sa1,SA1,1,apartment,Apartment,2,sa4,SA4,3,full,estimated,0.0275528394880778,0.00559012341366566,0.0000368742523823636,0.0300824498550032,0.0055674199217278,0.0000103253308050712,0.00252961036692537,9.18094255954975,-0.0000227034919378635,0.257802544347219,58216,0.00351901768700449,-0.00362525671573531,0.00912821611117203,0.513,5229,0.656727272727273,0.659571428571429,-13.1574704570974,33.1298562354048,25.7802544347219
shops1,Shops within 1 km,primary,2,sa2,SA2,2,house,House,1,none,No FE,1,full,estimated,0.0473143644741114,0.00049941000532731,0,0.0270140406115047,0.000481088243697658,0,-0.0203003238626067,-42.9052024437827,-0.0000183217616296517,,281194,0.00679322948148867,-0.0337332709221283,-0.00782146954737486,0.003,621,0.0102162162162162,0.0108,-71.2960457084568,-16.5308561877746,
shops1,Shops within 1 km,primary,2,sa2,SA2,2,house,House,1,sa3,SA3,2,full,estimated,0.0195462534708516,0.00306271121393629,0.000000123800174763277,0.00873287205694213,0.00452422851092991,0.0605135267686138,-0.0108133814139095,-55.3220157000162,0.00146151729699361,0.428905432798681,281194,0.00420760770384367,-0.0188651584096561,-0.00278551873350907,0.007,621,0.0205116279069767,0.018,-96.5154700249273,-14.2509086852014,42.8905432798681
shops1,Shops within 1 km,primary,2,sa2,SA2,2,house,House,1,sa4,SA4,3,full,estimated,0.0275664686084983,0.00452041563499582,0.00000163388575004431,0.00573297876045112,0.00642435079161052,0.38007259945455,-0.0218334898480472,-79.2030715218861,0.0019039351566147,0.291998907753051,281194,0.00583415447656554,-0.033337070469739,-0.0102170420470505,0.001,621,0.0043448275862069,0.0045,-120.93340987268,-37.0632966890101,29.1998907753051
shops1,Shops within 1 km,primary,2,sa2,SA2,2,apartment,Apartment,2,none,No FE,1,full,estimated,0.0477570719777276,0.00117160920691529,0,0.0209379412159549,0.00102467377502208,0.0000000000000000000000000000000000000000000000000000000000000000000000000000000000000000000177171879125008,-0.0268191307617727,-56.157401723205,-0.000146935431893212,,58217,0.0106612622050456,-0.0463390159505093,-0.00578769255400752,0.007,560,0.0205116279069767,0.018,-97.0306889252347,-12.1190272232492,
shops1,Shops within 1 km,primary,2,sa2,SA2,2,apartment,Apartment,2,sa3,SA3,2,full,estimated,0.0204719930716891,0.00541443552050952,0.000511053635641657,0.0100423725777077,0.0101498444811019,0.328409445866009,-0.0104296204939814,-50.9457992558851,0.00473540896059234,0.589331745343237,58216,0.00735201361822307,-0.0243068788319795,0.00326816495748271,0.162,560,0.281342465753425,0.2934,-118.732351788423,15.9640780750473,58.9331745343237
shops1,Shops within 1 km,primary,2,sa2,SA2,2,apartment,Apartment,2,sa4,SA4,3,full,estimated,0.0275528394880778,0.00559012341366566,0.0000368742523823636,0.00976210323779415,0.0100577314037772,0.340359409756047,-0.0177907362502837,-64.5695201686264,0.00446760799011152,0.419364425621899,58216,0.0072449884562432,-0.0314265413696828,-0.00441139633151047,0.011,560,0.0315,0.02475,-114.059174856665,-16.0106777140675,41.9364425621899
shops1,Shops within 1 km,primary,2,poa,Postcode,3,house,House,1,none,No FE,1,full,estimated,0.0473005484345705,0.000499451731373041,0,0.0438285285555367,0.000525932714004057,0,-0.00347201987903389,-7.34033746741147,0.0000264809826310161,,281076,0.00793851943749021,-0.018869388290768,0.0122487925624719,0.665,596,0.790471698113208,0.749647058823529,-39.8925359541434,25.8956671071484,
shops1,Shops within 1 km,primary,2,poa,Postcode,3,house,House,1,sa3,SA3,2,full,estimated,0.0195358408974266,0.00306195668218392,0.000000124543204015275,0.0150590165664226,0.00571547889783217,0.0118274581736034,-0.00447682433100404,-22.9159540892542,0.00265352221564825,0.628028676986021,281076,0.00479540958870928,-0.0138382253891596,0.00445275174546194,0.391,596,0.562891304347826,0.5865,-70.8350639310462,22.7927314152548,62.8028676986021
shops1,Shops within 1 km,primary,2,poa,Postcode,3,house,House,1,sa4,SA4,3,full,estimated,0.0275533504803719,0.00451717940047293,0.00000162761105105745,0.0256435294468173,0.00492140125461223,0.0000173008216895475,-0.00190982103355465,-6.93135680510123,0.000404221854139302,0.475643402219795,281076,0.0051234693647747,-0.0117806085833262,0.00801433257855075,0.708,596,0.818422018348624,0.749647058823529,-42.755629997587,29.0865990481263,47.5643402219795
shops1,Shops within 1 km,primary,2,poa,Postcode,3,apartment,Apartment,2,none,No FE,1,full,estimated,0.0476716025882951,0.00117157800564601,0,0.0351717792105148,0.000958075041881652,0.00000000000000000000000000000000000000000000000000000000000000000000000000000000000000000000000000000000000000000000000000000000000000000000000000000000000000000000000000000000000000000000000000000000000000000000000000000000000000000000000000000000000000000000000000000000000000000000000000107699467399219,-0.0124998233777802,-26.2206905140826,-0.000213502963764355,,58204,0.00951858271237406,-0.0311635648956175,0.00648500653060949,0.189,421,0.321810810810811,0.309272727272727,-65.3713389179603,13.6035001521048,
shops1,Shops within 1 km,primary,2,poa,Postcode,3,apartment,Apartment,2,sa3,SA3,2,full,estimated,0.0204409057617392,0.00541628566541978,0.000521771548676972,0.0297691634304753,0.00760676545342775,0.000344714532965567,0.00932825766873611,45.6352461944056,0.00219047978800797,0.724559704222113,58203,0.00667328472943527,-0.00339327060673046,0.0221868170659538,0.163,421,0.281342465753425,0.2934,-16.6003925965057,108.541261940959,72.4559704222113
shops1,Shops within 1 km,primary,2,poa,Postcode,3,apartment,Apartment,2,sa4,SA4,3,full,estimated,0.027519952966758,0.00558853531942295,0.0000373213782796246,0.0275896479470786,0.00654201521567731,0.00024851139623181,0.0000696949803205837,0.253252541546023,0.000953479896254355,0.453752410978892,58203,0.00639916820550693,-0.0116152634409426,0.0129009277065853,0.987,421,0.999,0.987,-42.2066980091608,46.8784511447699,45.3752410978892
shops2,Shops within 2 km,primary,3,sa1,SA1,1,house,House,1,none,No FE,1,full,estimated,0.0562639221788501,0.00052887950700698,0,0.0576521876197305,0.000523482061320351,0,0.00138826544088033,2.46741675147948,-0.00000539744568662951,,281194,0.000744158374540366,-0.0000614932344854878,0.00279392014767688,0.06,16759,0.130344827586207,0.0830769230769231,-0.109294254833523,4.96574010392601,
shops2,Shops within 2 km,primary,3,sa1,SA1,1,house,House,1,sa3,SA3,2,full,estimated,0.0250755107752653,0.00440617496175551,0.00000118947864346938,0.0262362031097562,0.00425566388782113,0.000000251986341614301,0.00116069233449088,4.62878840193275,-0.000150511073934384,0.403297022616555,281194,0.00060213082601952,0.0000544371947540598,0.00229935704613261,0.043,16759,0.09675,0.0645,0.217093064392359,9.16973164271779,40.3297022616555
shops2,Shops within 2 km,primary,3,sa1,SA1,1,house,House,1,sa4,SA4,3,full,estimated,0.0375431240451525,0.00545911503366224,0.000000217553598161144,0.0391608264155294,0.0056038219785177,0.000000164059207224059,0.00161770237037693,4.30891784186991,0.000144706944855463,0.311512788351388,281194,0.000597412927375238,0.000443416186477229,0.00274618112083693,0.006,16759,0.0184390243902439,0.0108,1.1810849463245,7.31473789324016,31.1512788351388
shops2,Shops within 2 km,primary,3,sa1,SA1,1,apartment,Apartment,2,none,No FE,1,full,estimated,0.0597739826795731,0.00161084992842072,0.000000000000000000000000000000000000000000000000000000000000000000000000000000000000000000000000000000000000000000000000000000000000000000000000000000000000000000000000000000000000000000000000000000000000000000000000000000000000000000000000000000000000000000000000000000000000000000000000000000000662087535158385,0.0615120836229721,0.00161197496946109,0.0000000000000000000000000000000000000000000000000000000000000000000000000000000000000000000000000000000000000000000000000000000000000000000000000000000000000000000000000000000000000000000000000000000000000000000000000000000000000000000000000000000000000000000000000000000000000000000000000000000000000000000111253745072776,0.00173810094339899,2.90778841476287,0.00000112504104037318,,58217,0.00191060564981519,-0.00152736130327217,0.00549652601589675,0.411,5229,0.562891304347826,0.462375,-2.55522760037558,9.19551579047636,
shops2,Shops within 2 km,primary,3,sa1,SA1,1,apartment,Apartment,2,sa3,SA3,2,full,estimated,0.0261415483803431,0.00693699890095241,0.000530381407251529,0.0265897331111354,0.00701285383873891,0.000495342722580587,0.00044818473079225,1.71445365160259,0.0000758549377865075,0.554478007743083,58216,0.00177617070052278,-0.00282115297782588,0.00383821549144118,0.807,5229,0.897473684210526,0.835,-10.7918358039848,14.6824336324595,55.4478007743083
shops2,Shops within 2 km,primary,3,sa1,SA1,1,apartment,Apartment,2,sa4,SA4,3,full,estimated,0.0354416862972872,0.00692065669734436,0.0000219959990449334,0.0357927187474547,0.00711092345496104,0.0000278352303679388,0.000351032450167495,0.990450756837613,0.000190266757616678,0.395402679685952,58216,0.00168805862685366,-0.00265043944469719,0.0037232402851724,0.835,5229,0.914869565217391,0.835,-7.47831077354821,10.505257153798,39.5402679685952
shops2,Shops within 2 km,primary,3,sa2,SA2,2,house,House,1,none,No FE,1,full,estimated,0.0562639221788501,0.00052887950700698,0,0.0300973379987326,0.000433065567492892,0,-0.0261665841801175,-46.5068611764035,-0.0000958139395140883,,281194,0.00628285688407135,-0.0378820300677087,-0.0138130114986675,0.001,621,0.0043448275862069,0.003,-67.3291668989773,-24.5503885327424,
shops2,Shops within 2 km,primary,3,sa2,SA2,2,house,House,1,sa3,SA3,2,full,estimated,0.0250755107752653,0.00440617496175551,0.00000118947864346938,0.00942829049740619,0.004741966078742,0.0534863168230349,-0.0156472202778591,-62.4004049931205,0.000335791116986486,0.460386269292818,281194,0.00385475277474736,-0.0230611412343923,-0.00814394957428798,0.001,621,0.0043448275862069,0.003,-91.9667856063774,-32.4777016399651,46.0386269292818
shops2,Shops within 2 km,primary,3,sa2,SA2,2,house,House,1,sa4,SA4,3,full,estimated,0.0375431240451525,0.00545911503366224,0.000000217553598161144,0.0145164758278071,0.00553290484196202,0.0141348873960042,-0.0230266482173453,-61.3338628656784,0.0000737898082997816,0.343348700727235,281194,0.0050547307655457,-0.0327041274309376,-0.0123094219005099,0.001,621,0.0043448275862069,0.003,-87.1108312446372,-32.7874203694545,34.3348700727235
shops2,Shops within 2 km,primary,3,sa2,SA2,2,apartment,Apartment,2,none,No FE,1,full,estimated,0.0597739826795731,0.00161084992842072,0.000000000000000000000000000000000000000000000000000000000000000000000000000000000000000000000000000000000000000000000000000000000000000000000000000000000000000000000000000000000000000000000000000000000000000000000000000000000000000000000000000000000000000000000000000000000000000000000000000000000662087535158385,0.00976979531627364,0.00123732690811317,0.00000000000000293259375080844,-0.0500041873632995,-83.6554385732569,-0.000373523020307546,,58217,0.0136119817636667,-0.0770033255190473,-0.0241765044435268,0.001,560,0.0043448275862069,0.003,-128.82415068749,-40.446534361159,
shops2,Shops within 2 km,primary,3,sa2,SA2,2,apartment,Apartment,2,sa3,SA3,2,full,estimated,0.0261415483803431,0.00693699890095241,0.000530381407251529,-0.00284394764273035,0.0111876263610625,0.800639655364583,-0.0289854960230735,-110.879032876526,0.00425062746011009,0.618201740714617,58216,0.00837007714001617,-0.0454791064342687,-0.0135804521851498,0.001,560,0.0043448275862069,0.003,-173.972504507293,-51.9496855640022,61.8201740714617
shops2,Shops within 2 km,primary,3,sa2,SA2,2,apartment,Apartment,2,sa4,SA4,3,full,estimated,0.0354416862972872,0.00692065669734436,0.0000219959990449334,0.000799792532403441,0.0114444907784701,0.944800626080326,-0.0346418937648838,-97.7433564371212,0.00452383408112569,0.468194915813537,58216,0.00930868369555164,-0.0520490666808381,-0.0168998664464274,0.001,560,0.0043448275862069,0.003,-146.858324528486,-47.6835845356517,46.8194915813537
shops2,Shops within 2 km,primary,3,poa,Postcode,3,house,House,1,none,No FE,1,full,estimated,0.0562406294844919,0.00052899269392897,0,0.0398293347548275,0.000434964034777696,0,-0.0164112947296644,-29.1804961645917,-0.0000940286591512741,,281076,0.00720762535318086,-0.0297489031280424,-0.0013587318817359,0.025,596,0.065625,0.0409090909090909,-52.8957506356602,-2.41592580700144,
shops2,Shops within 2 km,primary,3,poa,Postcode,3,house,House,1,sa3,SA3,2,full,estimated,0.0250576617816049,0.00440475872534449,0.00000119815024670871,0.0102157047193914,0.00583386834657957,0.0874072385098532,-0.0148419570622136,-59.2312131577623,0.00142910962123508,0.660507110224709,281076,0.00469526800803879,-0.0239796507287576,-0.00558528571561072,0.002,596,0.007,0.004,-95.6978785082064,-22.2897322355549,66.0507110224709
shops2,Shops within 2 km,primary,3,poa,Postcode,3,house,House,1,sa4,SA4,3,full,estimated,0.0375233088950772,0.0054544234566165,0.000000216292677560737,0.0205200979163189,0.00695223463443112,0.00646759945671651,-0.0170032109787583,-45.3137302637749,0.00149781117781462,0.546209160158026,281076,0.0059699558130118,-0.0285029461768315,-0.00529767651184387,0.002,596,0.007,0.004,-75.9606415748983,-14.1183618072096,54.6209160158026
shops2,Shops within 2 km,primary,3,poa,Postcode,3,apartment,Apartment,2,none,No FE,1,full,estimated,0.0595203348119355,0.00161184230099042,0.000000000000000000000000000000000000000000000000000000000000000000000000000000000000000000000000000000000000000000000000000000000000000000000000000000000000000000000000000000000000000000000000000000000000000000000000000000000000000000000000000000000000000000000000000000000000000000000000000000451044707587052,0.0284408319370755,0.00105443352204927,0.00000000000000000000000000000000000000000000000000000000000000000000000000000000000000000000000000000000000000000000000000000000000000000000000000000000000000297225897610239,-0.0310795028748601,-52.2166129828754,-0.000557408778941147,,58204,0.0102634112346883,-0.0512660733301667,-0.0114317568602508,0.002,421,0.007,0.004,-86.1320311657359,-19.2064727061287,
shops2,Shops within 2 km,primary,3,poa,Postcode,3,apartment,Apartment,2,sa3,SA3,2,full,estimated,0.026068149891572,0.00695790327621888,0.000565680577777578,0.0183299019013498,0.00824854813085904,0.0319897836483307,-0.0077382479902222,-29.6846842695347,0.00129064485464016,0.777789289248651,58203,0.00785389781498887,-0.0234309823857681,0.0066784748453614,0.345,421,0.536666666666667,0.414,-89.8835647455881,25.6192897199835,77.7789289248651
shops2,Shops within 2 km,primary,3,poa,Postcode,3,apartment,Apartment,2,sa4,SA4,3,full,estimated,0.0353097788830843,0.00693893869065867,0.0000240020029053868,0.022593244254976,0.0066590047766786,0.00214898866704799,-0.0127165346281083,-36.01420068422,-0.000279933913980067,0.591166079616112,58203,0.00822140254652062,-0.0291081297255962,0.00311478684566286,0.124,421,0.233194029850746,0.159428571428571,-82.4364542807741,8.82131506961956,59.1166079616113
shops5,Shops within 5 km,primary,4,sa1,SA1,1,house,House,1,none,No FE,1,full,estimated,0.0734312076016721,0.000577970428964419,0,0.074004414948476,0.000568406622513001,0,0.000573207346803883,0.780604548836039,-0.0000095638064514181,,281194,0.000668447106500976,-0.000708544442449335,0.00180215485274573,0.419,16759,0.567677419354839,0.538714285714286,-0.964909151832062,2.4542083830645,
shops5,Shops within 5 km,primary,4,sa1,SA1,1,house,House,1,sa3,SA3,2,full,estimated,0.044273978975122,0.00609388871168789,0.00000000697495258868865,0.044852344801177,0.00580746295235594,0.00000000160085812506359,0.000578365826055055,1.30633351563012,-0.000286425759331951,0.630700450752506,281194,0.000676269002649559,-0.000738229424070556,0.00186660569208201,0.405,16759,0.562891304347826,0.538714285714286,-1.66741151610831,4.21603328928461,63.0700450752506
shops5,Shops within 5 km,primary,4,sa1,SA1,1,house,House,1,sa4,SA4,3,full,estimated,0.0592238900057535,0.00721018217371767,0.00000000806400764151487,0.0596728346275624,0.00678892851191139,0.00000000209452097809938,0.000448944621808958,0.758046494016762,-0.000421253661806279,0.499154026591078,281194,0.00053845423244389,-0.000630110256194227,0.00145796929392058,0.411,16759,0.562891304347826,0.538714285714286,-1.06394608009203,2.46179251950344,49.9154026591078
shops5,Shops within 5 km,primary,4,sa1,SA1,1,apartment,Apartment,2,none,No FE,1,full,estimated,0.0518618535755593,0.00226906543529004,0.000000000000000000000000000000000000000000000000000000000000000000000000000000000000000000000000000000000000000000409885331189742,0.0514873852693256,0.00222794203253557,0.00000000000000000000000000000000000000000000000000000000000000000000000000000000000000000000000000000000000000000000125155177100092,-0.000374468306233666,-0.722049599881902,-0.0000411234027544649,,58217,0.00127097502949303,-0.00290791010761088,0.0019731884929771,0.763,5229,0.866108108108108,0.807882352941176,-5.60703080805673,3.80470106048618,
shops5,Shops within 5 km,primary,4,sa1,SA1,1,apartment,Apartment,2,sa3,SA3,2,full,estimated,-0.0196311531288201,0.0157044972881362,0.218551340630272,-0.0184950142941479,0.0154157693070365,0.237296011540725,0.00113613883467222,-5.78742790714764,-0.000288727981099718,0.813656249686206,58216,0.00203890494910982,-0.00284381029712952,0.00489729953188892,0.599,5229,0.732757281553398,0.673875,-24.9465708904246,14.4862111688925,81.3656249686205
shops5,Shops within 5 km,primary,4,sa1,SA1,1,apartment,Apartment,2,sa4,SA4,3,full,estimated,0.0180455111391033,0.0123770005794023,0.156378742325711,0.0190561243418922,0.012225607158055,0.130711736867475,0.0010106132027889,5.60035786738664,-0.000151393421347311,0.678561587227298,58216,0.00117930137634113,-0.0013019571134666,0.00334416494386137,0.4,5229,0.562891304347826,0.538714285714286,-7.21485306473448,18.5318382953133,67.8561587227298
shops5,Shops within 5 km,primary,4,sa2,SA2,2,house,House,1,none,No FE,1,full,estimated,0.0734312076016721,0.000577970428964419,0,0.0506871721761826,0.000513719659910472,0,-0.0227440354254895,-30.9732553342506,-0.0000642507690539473,,281194,0.00575529350763506,-0.0341979827235345,-0.0118266147905166,0.001,621,0.0043448275862069,0.003,-46.5714562520088,-16.1057065201353,
shops5,Shops within 5 km,primary,4,sa2,SA2,2,house,House,1,sa3,SA3,2,full,estimated,0.044273978975122,0.00609388871168789,0.00000000697495258868865,0.0264492532331698,0.00619832088757919,0.000113944432695917,-0.0178247257419521,-40.2600492536893,0.000104432175891295,0.627402320425711,281194,0.00362016859854014,-0.0246727454633637,-0.0109278803854908,0.001,621,0.0043448275862069,0.003,-55.7274183041637,-24.6823995458626,62.7402320425711
shops5,Shops within 5 km,primary,4,sa2,SA2,2,house,House,1,sa4,SA4,3,full,estimated,0.0592238900057535,0.00721018217371767,0.00000000806400764151487,0.0380443235806987,0.00757752793904365,0.0000288096565280321,-0.0211795664250547,-35.761863030269,0.000367345765325977,0.513684722194188,281194,0.00392188328336466,-0.029138908311088,-0.0138291010113405,0.001,621,0.0043448275862069,0.003,-49.2012738579942,-23.3505448730183,51.3684722194188
shops5,Shops within 5 km,primary,4,sa2,SA2,2,apartment,Apartment,2,none,No FE,1,full,estimated,0.0518618535755593,0.00226906543529004,0.000000000000000000000000000000000000000000000000000000000000000000000000000000000000000000000000000000000000000000409885331189742,0.0212954933438425,0.00178525717871522,0.00000000000000000000000000000000917792591680029,-0.0305663602317168,-58.9380404369536,-0.000483808256574818,,58217,0.0146061698434745,-0.0561555579535191,-0.00323809277686602,0.016,560,0.0448,0.0411428571428572,-108.27911862368,-6.24368886497342,
shops5,Shops within 5 km,primary,4,sa2,SA2,2,apartment,Apartment,2,sa3,SA3,2,full,estimated,-0.0196311531288201,0.0157044972881362,0.218551340630272,-0.0136011284641387,0.0101107604624908,0.186133664303138,0.00603002466468142,-30.7166095904415,-0.00559373682564538,0.788917719351188,58216,0.0100118965760572,-0.0139099020522318,0.0253055550073846,0.555,560,0.685588235294118,0.666,-128.905086936712,70.8562658594462,78.8917719351188
shops5,Shops within 5 km,primary,4,sa2,SA2,2,apartment,Apartment,2,sa4,SA4,3,full,estimated,0.0180455111391033,0.0123770005794023,0.156378742325711,0.00932600411099697,0.00916803378824684,0.318072878058917,-0.00871950702810631,-48.319534763478,-0.00320896679115548,0.646490295228325,58216,0.00986238175031545,-0.0279460381450944,0.0107633883737573,0.385,560,0.562891304347826,0.538714285714286,-154.864209329806,59.6457938530422,64.6490295228325
shops5,Shops within 5 km,primary,4,poa,Postcode,3,house,House,1,none,No FE,1,full,estimated,0.0734386453318052,0.000578363440060124,0,0.0435755274678513,0.000408832399290556,0,-0.0298631178639539,-40.6640369372672,-0.000169531040769567,,281076,0.00774745760996992,-0.0441209669831619,-0.014437731148379,0.001,596,0.0043448275862069,0.003,-60.0786776278589,-19.6595826123256,
shops5,Shops within 5 km,primary,4,poa,Postcode,3,house,House,1,sa3,SA3,2,full,estimated,0.0442656525461187,0.00609660712513916,0.00000000707954361073285,0.020392508786309,0.0066534145364589,0.00384080021277786,-0.0238731437598097,-53.9315301744105,0.000556807411319747,0.769947890272698,281076,0.00576768169691744,-0.0352576360380375,-0.0130586013889655,0.001,596,0.0043448275862069,0.003,-79.6500989142855,-29.5005283732353,76.9947890272698
shops5,Shops within 5 km,primary,4,poa,Postcode,3,house,House,1,sa4,SA4,3,full,estimated,0.0592383631273197,0.00721953000279056,0.0000000082313499410568,0.032683500719317,0.00908114921258635,0.00126507473732812,-0.0265548624080027,-44.8271373584867,0.00186161920979579,0.684883225697916,281076,0.00695118564647904,-0.0398593714720278,-0.0131054898536615,0.001,596,0.0043448275862069,0.003,-67.2864160448845,-22.1233153007522,68.4883225697916
shops5,Shops within 5 km,primary,4,poa,Postcode,3,apartment,Apartment,2,none,No FE,1,full,estimated,0.0511624847387395,0.00227670829505551,0.00000000000000000000000000000000000000000000000000000000000000000000000000000000000000000000000000000000000000232150887709828,0.0263558408224611,0.00111041628305479,0.000000000000000000000000000000000000000000000000000000000000000000000000000000000000000000000000000000000000000000000000000609884218901209,-0.0248066439162784,-48.4860030605495,-0.00116629201200072,,58204,0.0158319439070201,-0.0545715969125293,0.00501265367479323,0.132,421,0.24104347826087,0.264,-106.663304550587,9.79751804547858,
shops5,Shops within 5 km,primary,4,poa,Postcode,3,apartment,Apartment,2,sa3,SA3,2,full,estimated,-0.0199375555296783,0.0158023577037476,0.214371123031481,0.00723293309091112,0.0121637687465469,0.555440148425891,0.0271704886205894,-136.277933270929,-0.00363858895720064,0.848712289640369,58203,0.0156031784593443,-0.00186613436802821,0.0576785141876408,0.079,421,0.163180327868852,0.17775,-289.295817141589,9.35989552606064,84.8712289640369
shops5,Shops within 5 km,primary,4,poa,Postcode,3,apartment,Apartment,2,sa4,SA4,3,full,estimated,0.017565485306086,0.0124854798304255,0.170872193802851,0.0171829099889019,0.00945040668736408,0.0801422351004412,-0.00038257531718416,-2.17799457582654,-0.00303507314306144,0.731084069880993,58203,0.0128003984810232,-0.0262683067838707,0.0238720155540249,0.976,421,0.999,0.976,-149.545010149929,135.902966175115,73.1084069880993
hospital,Hospital distance,additional,5,sa1,SA1,1,house,House,1,none,No FE,1,full,estimated,-0.0239849500006502,0.000843451241044441,0.00000000000000000000000000000000000000000000000000000000000000000000000000000000000000000000000000000000000000000000000000000000000000000000000000000000000000000000000000000000127416147437376,-0.0273780936565182,0.000846810836713945,0.000000000000000000000000000000000000000000000000000000000000000000000000000000000000000000000000000000000000000000000000000000000000000000000000000000000000000000000000000000000000000000000000000000000000000000000000000000000000681395305277501,-0.00339314365586807,14.1469698947719,0.0000033595956695047,,281194,0.000552255606475581,-0.00454951051504928,-0.00231528711682782,0.001,16759,0.0043448275862069,0.003,9.65308294061511,18.9681884470302,
hospital,Hospital distance,additional,5,sa1,SA1,1,house,House,1,sa3,SA3,2,full,estimated,-0.00877595569310668,0.00956804391157283,0.364393966905112,-0.0111533394931015,0.00953061779367513,0.248652323650733,-0.00237738379999482,27.0897425093224,-0.0000374261178976952,0.280849311351766,281194,0.000467291824501625,-0.00333319416996234,-0.00145634917798393,0.001,16759,0.0043448275862069,0.003,16.5947644782193,37.9809822032316,28.0849311351766
hospital,Hospital distance,additional,5,sa1,SA1,1,house,House,1,sa4,SA4,3,full,estimated,-0.00120353526927117,0.0096662506072755,0.901834635331571,-0.00382279525815546,0.00955076650280155,0.692113997802984,-0.00261925998888429,217.63051368411,-0.000115484104473948,0.158954297151234,281194,0.00045895901694496,-0.00351355116492583,-0.00174078620695404,0.001,16759,0.0043448275862069,0.003,144.639401220723,291.935870483758,15.8954297151234
hospital,Hospital distance,additional,5,sa1,SA1,1,apartment,Apartment,2,none,No FE,1,full,estimated,-0.0422843987030426,0.00189377145529617,0.0000000000000000000000000000000000000000000000000000000000000000000000000000000000000000000000000000000000000571738533711373,-0.0431354515497642,0.00188774190890589,0.000000000000000000000000000000000000000000000000000000000000000000000000000000000000000000000000000000000000000000467022452427076,-0.000851052846721601,2.01268759359314,-0.00000602954639027922,,58217,0.00194934557495674,-0.00465936559562671,0.0027931173367114,0.702,5229,0.818422018348624,0.8796,-6.60555056328711,11.019112813567,
hospital,Hospital distance,additional,5,sa1,SA1,1,apartment,Apartment,2,sa3,SA3,2,full,estimated,0.00405114565834126,0.013472473906953,0.765202257307907,0.00453772348605807,0.0134109694834251,0.736862239772008,0.000486577827716812,12.0108697329842,-0.0000615044235278885,0.31773427949189,58216,0.00136209394136149,-0.00231423625249091,0.00292142248005594,0.733,5229,0.839618181818182,0.8796,-57.1254762890574,72.1134890334237,31.773427949189
hospital,Hospital distance,additional,5,sa1,SA1,1,apartment,Apartment,2,sa4,SA4,3,full,estimated,0.0057253227833877,0.0107522749452903,0.598751929813924,0.00572864038089524,0.0111786885374203,0.612495507000514,0.00000331759750753918,0.0579460343644866,0.000426413592129965,0.161990268311189,58216,0.00133492286492281,-0.00260053216327654,0.00258532103060028,0.999,5229,0.999,0.999,-45.4215816586292,45.1558999974939,16.1990268311189
hospital,Hospital distance,additional,5,sa2,SA2,2,house,House,1,none,No FE,1,full,estimated,-0.0239849500006502,0.000843451241044441,0.00000000000000000000000000000000000000000000000000000000000000000000000000000000000000000000000000000000000000000000000000000000000000000000000000000000000000000000000000000000127416147437376,-0.0683865495899116,0.000802583595872689,0,-0.0444015995892615,185.122752342856,-0.0000408676451717513,,281194,0.0111149475899192,-0.0665647083634459,-0.0225276901566313,0.001,621,0.0043448275862069,0.003,93.9242739969049,277.52698405309,
hospital,Hospital distance,additional,5,sa2,SA2,2,house,House,1,sa3,SA3,2,full,estimated,-0.00877595569310668,0.00956804391157283,0.364393966905112,-0.0268726155830675,0.0105730034104941,0.0149107007706915,-0.0180966598899609,206.207284115796,0.00100495949892129,0.389739198345001,281194,0.00629729931788368,-0.0303848838665097,-0.0057574025881791,0.002,621,0.007,0.0036,65.6042804853882,346.228774723376,38.9739198345001
hospital,Hospital distance,additional,5,sa2,SA2,2,house,House,1,sa4,SA4,3,full,estimated,-0.00120353526927117,0.0096662506072755,0.901834635331571,-0.019397134366194,0.0134867418503913,0.161857855489823,-0.0181935990969228,1511.67976223417,0.00382049124311576,0.203497741992669,281194,0.00986307921563272,-0.0374125733992118,0.000327190113425255,0.059,621,0.130344827586207,0.0965454545454545,-27.1857519907491,3108.55646314942,20.3497741992669
hospital,Hospital distance,additional,5,sa2,SA2,2,apartment,Apartment,2,none,No FE,1,full,estimated,-0.0422843987030426,0.00189377145529617,0.0000000000000000000000000000000000000000000000000000000000000000000000000000000000000000000000000000000000000571738533711373,-0.0518912876488269,0.00185999910738088,0.0000000000000000000000000000000000000000000000000000000000000000000000000000000000000000000000000000000000000000000000000000000000000000000000000000000000000000000000000368693908730084,-0.00960688894578432,22.7197009782548,-0.0000337723479152837,,58217,0.0114322255189136,-0.0304706238245158,0.0117934115920359,0.433,560,0.580404255319149,0.599538461538462,-27.8906924392124,72.0611496417549,
hospital,Hospital distance,additional,5,sa2,SA2,2,apartment,Apartment,2,sa3,SA3,2,full,estimated,0.00405114565834126,0.013472473906953,0.765202257307907,0.00390955521442737,0.0144540141236766,0.788180007238832,-0.000141590443913885,-3.4950716625642,0.000981540216723562,0.449848577830663,58216,0.00811365613468981,-0.0157352681066748,0.0167474458956692,0.986,560,0.999,0.999,-388.415264069218,413.400240526687,44.9848577830663
hospital,Hospital distance,additional,5,sa2,SA2,2,apartment,Apartment,2,sa4,SA4,3,full,estimated,0.0057253227833877,0.0107522749452903,0.598751929813924,0.00368222258714769,0.0117939918803165,0.757278090309282,-0.00204310019624,-35.6853276843737,0.00104171693502615,0.260446890716214,58216,0.00811038642064248,-0.0173484820559731,0.0144456469849813,0.806,560,0.897473684210526,0.90675,-303.013169952802,252.31148585886,26.0446890716214
hospital,Hospital distance,additional,5,poa,Postcode,3,house,House,1,none,No FE,1,full,estimated,-0.0239227190262668,0.000843859323376213,0.0000000000000000000000000000000000000000000000000000000000000000000000000000000000000000000000000000000000000000000000000000000000000000000000000000000000000000000000000000000152228693255746,-0.103632019786048,0.000899248528795435,0,-0.0797093007597813,333.194987878518,0.0000553892054192213,,281076,0.0148658336045302,-0.108327591208207,-0.0510073841507094,0.001,596,0.0043448275862069,0.003,213.217335766491,452.823072031508,
hospital,Hospital distance,additional,5,poa,Postcode,3,house,House,1,sa3,SA3,2,full,estimated,-0.00872352020834616,0.00956381068297076,0.367028139066,-0.0410533285707038,0.0148883080752911,0.00866006826549458,-0.0323298083623576,370.605072152253,0.00532449739232033,0.638838081630452,281076,0.011333289711044,-0.0553117422795624,-0.0105983882558159,0.002,596,0.007,0.0036,121.492104135622,634.053007943322,63.8838081630452
hospital,Hospital distance,additional,5,poa,Postcode,3,house,House,1,sa4,SA4,3,full,estimated,-0.00114780735551575,0.00967756537665626,0.906466348412776,-0.0504307875318546,0.0155727916196982,0.0031780571096217,-0.0492829801763389,4293.66303844554,0.00589522624304191,0.51897939220072,281076,0.0142214984258308,-0.0756821844356005,-0.0213788281790631,0.001,596,0.0043448275862069,0.003,1862.57982023968,6593.63124586302,51.897939220072
hospital,Hospital distance,additional,5,poa,Postcode,3,apartment,Apartment,2,none,No FE,1,full,estimated,-0.0420792407375998,0.00189395263169071,0.000000000000000000000000000000000000000000000000000000000000000000000000000000000000000000000000000000000000658964058572631,-0.0745671587964161,0.00186213383390837,0,-0.0324879180588162,77.2065215278153,-0.0000318187977823401,,58204,0.0180375925345781,-0.0693628501760875,0.00189450548725151,0.075,421,0.1575,0.1125,-4.50223305849404,164.838644804987,
hospital,Hospital distance,additional,5,poa,Postcode,3,apartment,Apartment,2,sa3,SA3,2,full,estimated,0.00409532078566863,0.0134806242200101,0.762860209746631,-0.0351655508196424,0.0164021033057738,0.0381669681704187,-0.039260871605311,-958.67634454186,0.00292147908576375,0.613029898507248,58203,0.0127751109806217,-0.0632527290467333,-0.0143572152620782,0.002,421,0.007,0.0036,-1544.51219714175,-350.576084596853,61.3029898507248
hospital,Hospital distance,additional,5,poa,Postcode,3,apartment,Apartment,2,sa4,SA4,3,full,estimated,0.00584517820985972,0.0107662801011125,0.591642227176856,-0.0341251392706326,0.0141274518643811,0.0227532881785027,-0.0399703174804923,-683.816917901149,0.00336117176326863,0.497201619490148,58203,0.0119253556657088,-0.0627046944193451,-0.0164613472942699,0.002,421,0.007,0.0036,-1072.75932688543,-281.622676046091,49.7201619490148
park,Park distance,additional,6,sa1,SA1,1,house,House,1,none,No FE,1,full,estimated,0.00503926996047577,0.00101092644121098,0.000000620614780017352,-0.00849003329547071,0.000898889690451788,0.00000000000000000000357907199180728,-0.0135293032559465,-268.477445385148,-0.000112036750759187,,281194,0.00238425545194345,-0.0181741317628365,-0.00900409655997302,0.001,16759,0.0043448275862069,0.006,-360.650092282824,-178.678590958499,
park,Park distance,additional,6,sa1,SA1,1,house,House,1,sa3,SA3,2,full,estimated,-0.0133650928301997,0.00502945467951016,0.0111739397762718,-0.0187800865767034,0.00424007334153467,0.0000687960550692607,-0.00541499374650367,40.5159456451209,-0.000789381337975485,0.20677817839841,281194,0.00199080997189408,-0.00943902824481682,-0.00143337523279498,0.005,16759,0.0161538461538462,0.0216,10.7247682526838,70.6244869731725,20.677817839841
park,Park distance,additional,6,sa1,SA1,1,house,House,1,sa4,SA4,3,full,estimated,-0.021979908652611,0.00781652105591189,0.00906145793663032,-0.0265675579469975,0.00710080518979426,0.000873406733258887,-0.00458764929438654,20.8720125588037,-0.000715715866117633,0.133966996551013,281194,0.00209436560594224,-0.00868306952638202,-0.000753247075357718,0.021,16759,0.0575217391304348,0.06075,3.42698000825513,39.5045751263874,13.3966996551013
park,Park distance,additional,6,sa1,SA1,1,apartment,Apartment,2,none,No FE,1,full,estimated,-0.0356824260454056,0.00238688059170576,0.0000000000000000000000000000000000000000000000000195036405171841,-0.0177733427142464,0.00205608200159972,0.00000000000000000554954825397139,0.0179090833311593,-50.190206541366,-0.000330798590106038,,58217,0.00843286848864468,0.00238667574233434,0.034559505635953,0.032,5229,0.08064,0.063,-96.8530155207952,-6.688658835297,
park,Park distance,additional,6,sa1,SA1,1,apartment,Apartment,2,sa3,SA3,2,full,estimated,-0.031311377293057,0.0125261053973434,0.0166328993614208,-0.0185426877808975,0.0119598979161128,0.128921146200556,0.0127686895121594,-40.7797120920349,-0.000566207481230605,0.242862021077942,58216,0.00590684095078944,0.000937775909405422,0.023804150599692,0.027,5229,0.0694285714285714,0.06075,-76.0239652727456,-2.99500050933041,24.2862021077942
park,Park distance,additional,6,sa1,SA1,1,apartment,Apartment,2,sa4,SA4,3,full,estimated,-0.0377958565908259,0.0101145766841206,0.000884227627840727,-0.0235868431038255,0.00978346092601037,0.0229909844264575,0.0142090134870004,-37.5941036098896,-0.00033111575811025,0.183921969580705,58216,0.00634947490558589,0.00195700773089458,0.0265570734339187,0.025,5229,0.065625,0.06075,-70.2645100001908,-5.17783669273842,18.3921969580705
park,Park distance,additional,6,sa2,SA2,2,house,House,1,none,No FE,1,full,estimated,0.00503926996047577,0.00101092644121098,0.000000620614780017352,-0.053633236974115,0.000747465806559855,0,-0.0586725069345908,-1164.30569099837,-0.00026346063465112,,281194,0.0114245268158959,-0.0795762257415781,-0.0368756431630185,0.001,621,0.0043448275862069,0.006,-1579.12210232264,-731.76558216256,
park,Park distance,additional,6,sa2,SA2,2,house,House,1,sa3,SA3,2,full,estimated,-0.0133650928301997,0.00502945467951016,0.0111739397762718,-0.0343669368879514,0.00895562336548936,0.000421718697753638,-0.0210018440577517,157.139530002335,0.00392616868597921,0.483602749825197,281194,0.00727195562516941,-0.0351748793244312,-0.00713148088918026,0.006,621,0.0184390243902439,0.0216,53.3590075264272,263.184698911706,48.3602749825197
park,Park distance,additional,6,sa2,SA2,2,house,House,1,sa4,SA4,3,full,estimated,-0.021979908652611,0.00781652105591189,0.00906145793663032,-0.0385738274142775,0.00786774473454818,0.0000395501122264975,-0.0165939187616665,75.4958495229933,0.0000512236786362873,0.35813331257565,281194,0.00802070296470559,-0.0316560403971082,-0.000751171438267808,0.035,621,0.0864705882352941,0.063,3.41753667014707,144.022620373119,35.813331257565
park,Park distance,additional,6,sa2,SA2,2,apartment,Apartment,2,none,No FE,1,full,estimated,-0.0356824260454056,0.00238688059170576,0.0000000000000000000000000000000000000000000000000195036405171841,-0.0118536371162921,0.00197317904590225,0.00000000189660134332714,0.0238287889291136,-66.7801816468185,-0.000413701545803511,,58217,0.0216436790486069,-0.0181695805560984,0.0660162812011994,0.28,560,0.458181818181818,0.315,-185.010629930807,50.920250021615,
park,Park distance,additional,6,sa2,SA2,2,apartment,Apartment,2,sa3,SA3,2,full,estimated,-0.031311377293057,0.0125261053973434,0.0166328993614208,-0.0167121455350236,0.0165213010744738,0.317832638030213,0.0145992317580334,-46.6259648095092,0.00399519567713037,0.491500551752419,58216,0.0158483122695255,-0.0167235122020258,0.0442109198887815,0.337,560,0.530775,0.356823529411765,-141.197621155378,53.4103372250382,49.1500551752419
park,Park distance,additional,6,sa2,SA2,2,apartment,Apartment,2,sa4,SA4,3,full,estimated,-0.0377958565908259,0.0101145766841206,0.000884227627840727,-0.0177293231834784,0.0135542131292168,0.201890379548213,0.0200665334073475,-53.0918868292515,0.00343963644509614,0.356536767331526,58216,0.0152982190207002,-0.00794579303299194,0.0519230014746192,0.196,560,0.32928,0.2352,-137.377496260324,21.0229208958333,35.6536767331526
park,Park distance,additional,6,poa,Postcode,3,house,House,1,none,No FE,1,full,estimated,0.00500570818802881,0.00101117094639365,0.000000741010191277541,-0.0499098993948381,0.000689337539286739,0,-0.054915607582867,-1097.05970704002,-0.000321833407106913,,281076,0.0137389450980682,-0.081519091108854,-0.0279595314550954,0.001,596,0.0043448275862069,0.006,-1628.52263949,-558.552964033358,
park,Park distance,additional,6,poa,Postcode,3,house,House,1,sa3,SA3,2,full,estimated,-0.0134030049591726,0.00503098904827792,0.0109858721115466,-0.0205213267262258,0.00981151804550349,0.0427149324195534,-0.0071183217670532,53.1098943015882,0.00478052899722557,0.711443129910465,281076,0.00847969367753236,-0.0237503585973349,0.00975449840086223,0.383,596,0.562891304347826,0.383,-72.7784435697501,177.20174445717,71.1443129910465
park,Park distance,additional,6,poa,Postcode,3,house,House,1,sa4,SA4,3,full,estimated,-0.0220147046607292,0.00781547012693509,0.00895727250419678,-0.0365601564507183,0.0128498584397457,0.00836783426129344,-0.014545451789989,66.0715281633363,0.00503438831281057,0.593924623675053,281076,0.0091392041677642,-0.033321190286549,0.00403804413762789,0.123,596,0.233194029850746,0.170307692307692,-18.3424860785488,151.35878859183,59.3924623675053
park,Park distance,additional,6,poa,Postcode,3,apartment,Apartment,2,none,No FE,1,full,estimated,-0.0357237775574593,0.00238666086038988,0.0000000000000000000000000000000000000000000000000147423068522382,0.00450829898005178,0.00149198874154869,0.00251492897361386,0.040232076537511,-112.6198831375,-0.000894672118841186,,58204,0.0230949108148961,-0.0030535201335941,0.0844241133007693,0.081,421,0.164612903225806,0.1215,-236.324708844071,8.5475846687342,
park,Park distance,additional,6,poa,Postcode,3,apartment,Apartment,2,sa3,SA3,2,full,estimated,-0.0313135013938607,0.012527034420536,0.0166335393301639,-0.00828695821890156,0.0186231390365244,0.658731645105277,0.0230265431749591,-73.5355107221376,0.00609610461598835,0.734230913555869,58203,0.0153605908016778,-0.00610187796545272,0.0527314336303395,0.142,421,0.2556,0.182571428571429,-168.398394568159,19.486412230633,73.4230913555869
park,Park distance,additional,6,poa,Postcode,3,apartment,Apartment,2,sa4,SA4,3,full,estimated,-0.0378037211850199,0.010112462282646,0.000880634688472653,-0.0101990285654296,0.0129186012349731,0.436707802225952,0.0276046926195903,-73.0210988608416,0.00280613895232709,0.543548529533996,58203,0.013525383247756,0.00130426392471086,0.0533891929085598,0.042,421,0.0962181818181818,0.0687272727272727,-141.227348088991,-3.45009402203423,54.3548529533996
rail,Rail distance,additional,7,sa1,SA1,1,house,House,1,none,No FE,1,full,estimated,0.040905433340626,0.000649798476020991,0,0.0393023375167828,0.000656186444618333,0,-0.00160309582384322,-3.91902907003572,0.00000638796859734215,,281194,0.000419303359237385,-0.00242510584269759,-0.000841237137906631,0.001,16759,0.0043448275862069,0.006,-5.9285665610809,-2.05654131787706,
rail,Rail distance,additional,7,sa1,SA1,1,house,House,1,sa3,SA3,2,full,estimated,-0.000999439073053797,0.0123078510195693,0.93567532598822,-0.00348721699032511,0.012592785299569,0.783231523356255,-0.00248777791727131,248.917416213264,0.000284934279999659,0.653377058156552,281194,0.000801671013328206,-0.00407787554090994,-0.000987527186179482,0.001,16759,0.0043448275862069,0.006,98.8081427677309,408.016421496304,65.3377058156552
rail,Rail distance,additional,7,sa1,SA1,1,house,House,1,sa4,SA4,3,full,estimated,0.0130088216226279,0.0162350446059315,0.429964891934459,0.0114913119236841,0.016442044580469,0.490592816621187,-0.00151750969894375,-11.6652356605779,0.000206999974537464,0.431575103787826,281194,0.000490696565163512,-0.00247591282719229,-0.000619619064093166,0.001,16759,0.0043448275862069,0.006,-19.0325680450997,-4.76306833983629,43.1575103787826
rail,Rail distance,additional,7,sa1,SA1,1,apartment,Apartment,2,none,No FE,1,full,estimated,0.0613423166113243,0.00138396053133663,0,0.0615075880951874,0.0014074970214195,0,0.000165271483863139,0.269424914142591,0.0000235364900828749,,58217,0.00193804915598971,-0.00363945193622937,0.00391808628283961,0.933,5229,0.9828,0.933,-5.93302003784693,6.38724863892131,
rail,Rail distance,additional,7,sa1,SA1,1,apartment,Apartment,2,sa3,SA3,2,full,estimated,-0.00475911354199165,0.0144331302020421,0.743320528755938,-0.00993603974054022,0.0156554354050406,0.529257107654522,-0.00517692619854857,108.779211776949,0.00122230520299859,0.665564557583605,58216,0.00265278803497226,-0.0101770609188468,-0.000101081672545966,0.042,5229,0.0962181818181818,0.108,2.12396009580523,213.84362505854,66.5564557583605
rail,Rail distance,additional,7,sa1,SA1,1,apartment,Apartment,2,sa4,SA4,3,full,estimated,0.0077109230704555,0.0155979522377205,0.625053992915897,0.00381836017713239,0.0173286510718687,0.827256619133491,-0.00389256289332312,-50.4811532647436,0.00173069883414819,0.572472757794794,58216,0.00225534986132819,-0.00820156779570842,0.000619415170507555,0.094,5229,0.1850625,0.2115,-106.362983014742,8.03295746628379,57.2472757794794
rail,Rail distance,additional,7,sa2,SA2,2,house,House,1,none,No FE,1,full,estimated,0.040905433340626,0.000649798476020991,0,0.0317541507352539,0.000679547543595759,0,-0.00915128260537212,-22.3718021250819,0.0000297490675747686,,281194,0.00435761960529152,-0.0171133609044862,0.0000834903364506481,0.042,621,0.0962181818181818,0.108,-41.8364004653869,0.204105737630038,
rail,Rail distance,additional,7,sa2,SA2,2,house,House,1,sa3,SA3,2,full,estimated,-0.000999439073053797,0.0123078510195693,0.93567532598822,-0.00554211262948606,0.0123081368109225,0.654880319041151,-0.00454267355643227,454.52230945425,0.000000285791353244261,0.68805876845793,281194,0.00435684831007478,-0.0133729773805687,0.0039574799392715,0.296,621,0.478153846153846,0.484363636363636,-395.970104228502,1338.04828539547,68.805876845793
rail,Rail distance,additional,7,sa2,SA2,2,house,House,1,sa4,SA4,3,full,estimated,0.0130088216226279,0.0162350446059315,0.429964891934459,0.0076739002837344,0.0151748315276799,0.617171671228426,-0.00533492133889346,-41.0100276078332,-0.00106021307825161,0.513012088171479,281194,0.00388917329691305,-0.0129036867229628,0.00235661194149399,0.162,621,0.281342465753425,0.2916,-99.1918184235678,18.1154912401508,51.3012088171479
rail,Rail distance,additional,7,sa2,SA2,2,apartment,Apartment,2,none,No FE,1,full,estimated,0.0613423166113243,0.00138396053133663,0,0.068512097560093,0.00149181714880803,0,0.00716978094876875,11.6881483205105,0.000107856617471408,,58217,0.010991230246471,-0.0135829248174696,0.0281941052547604,0.546,560,0.681148514851485,0.6552,-22.1428298894113,45.9619179911369,
rail,Rail distance,additional,7,sa2,SA2,2,apartment,Apartment,2,sa3,SA3,2,full,estimated,-0.00475911354199165,0.0144331302020421,0.743320528755938,0.00722226794343666,0.0197536354338376,0.716577219650937,0.0119813814854283,-251.756579869582,0.00532050523179554,0.675764866392674,58216,0.0138729155597123,-0.0152760673092597,0.0382422347149298,0.404,560,0.562891304347826,0.559384615384615,-803.557939467141,320.985561165384,67.5764866392674
rail,Rail distance,additional,7,sa2,SA2,2,apartment,Apartment,2,sa4,SA4,3,full,estimated,0.0077109230704555,0.0155979522377205,0.625053992915897,0.0152939088156754,0.0194121453335236,0.437645360141222,0.00758298574521987,98.3408299620337,0.0038141930958031,0.575818066802662,58216,0.0111622199953779,-0.0137926502695773,0.0291676274908285,0.516,560,0.656727272727273,0.6552,-178.8715844206,378.263759401058,57.5818066802662
rail,Rail distance,additional,7,poa,Postcode,3,house,House,1,none,No FE,1,full,estimated,0.0408772963518311,0.000650169701865259,0,0.0123264904462893,0.000690750462540317,0.0000000000000000000000000000000000000000000000000000000000000000000000345679041854331,-0.0285508059055419,-69.845142545155,0.000040580760675058,,281076,0.00955730095154803,-0.0470224574929066,-0.00970093951787215,0.004,596,0.0132631578947368,0.018,-115.033188810199,-23.7318521126645,
rail,Rail distance,additional,7,poa,Postcode,3,house,House,1,sa3,SA3,2,full,estimated,-0.00111600079775105,0.0123391988234366,0.928375175167844,-0.00771575481400745,0.0092296496975489,0.408014770360939,-0.0065997540162564,591.375385175008,-0.00310954912588772,0.760676899705916,281076,0.00741860056316191,-0.0205465883719196,0.00879986584583526,0.378,596,0.562891304347826,0.559384615384615,-788.517881310539,1841.09083195325,76.0676899705916
rail,Rail distance,additional,7,poa,Postcode,3,house,House,1,sa4,SA4,3,full,estimated,0.0129700791131719,0.0162639453675271,0.432133417136393,-0.000711995027082354,0.0126387105602284,0.955490187138627,-0.0136820741402542,-105.489519538545,-0.00362523480729874,0.635711206658074,281076,0.00647262920863449,-0.0266297706902519,-0.000758227183199005,0.036,596,0.0872307692307692,0.108,-205.31694878567,-5.84597192185961,63.5711206658074
rail,Rail distance,additional,7,poa,Postcode,3,apartment,Apartment,2,none,No FE,1,full,estimated,0.0615186171561186,0.00138422075724717,0,0.046706351390517,0.00140413623916069,0.00000000000000000000000000000000000000000000000000000000000000000000000000000000000000000000000000000000000000000000000000000000000000000000000000000000000000000000000000000000000000000000000000000000000000000000000000000000000000000000000237597697447423,-0.0148122657656016,-24.0776962330148,0.0000199154819135257,,58204,0.00958826636163507,-0.0338330285580246,0.0035870282401308,0.128,421,0.237176470588235,0.256,-54.9964061646005,5.83080115573442,
rail,Rail distance,additional,7,poa,Postcode,3,apartment,Apartment,2,sa3,SA3,2,full,estimated,-0.00476816131334864,0.0144314893701888,0.742822259438526,-0.00644826330889411,0.0153307822321406,0.676291911249271,-0.00168010199554547,35.2358463804897,0.00089929286195174,0.736422565172411,58203,0.0125588848450994,-0.025151537115233,0.0237422150639538,0.907,421,0.968491525423729,0.933,-497.932295148795,527.489224091902,73.6422565172412
rail,Rail distance,additional,7,poa,Postcode,3,apartment,Apartment,2,sa4,SA4,3,full,estimated,0.00784953441362954,0.0156048438531947,0.619029722699646,0.00328670386794103,0.0139013212034975,0.814882709573224,-0.00456283054568851,-58.1286775145012,-0.00170352264969722,0.630898815732049,58203,0.00963519125294166,-0.0227586711534184,0.014684491134543,0.647,421,0.783865384615385,0.727875,-289.936573994776,187.074676799245,63.089881573205
