outcome_key,outcome,family,outcome_order,geo_key,geography,geo_order,property_key,property_type,property_order,fe_key,fixed_effects,fe_order,sample_key,status,benchmark,benchmark_se,benchmark_p,centroid,centroid_se,centroid_p,delta,relative_change_percent,se_difference,absorption_r2,N,sample,sample_order
cbd,CBD distance,primary,1,sa1,SA1,1,house,House,1,none,No FE,1,sydney,estimated,-0.502019485976765,0.00159024434394031,0,-0.502016732154564,0.00158988535246349,0,0.00000275382220138454,-0.00054854886678557,-0.000000358991476820565,,150123,Greater Sydney,2
cbd,CBD distance,primary,1,sa1,SA1,1,house,House,1,sa3,SA3,2,sydney,estimated,-0.299762329877007,0.0489015371166256,0.000000282687658154541,-0.301736929326917,0.0495854674334822,0.000000327300792534097,-0.00197459944991013,0.658721678177621,0.00068393031685661,0.96098515770364,150121,Greater Sydney,2
cbd,CBD distance,primary,1,sa1,SA1,1,house,House,1,sa4,SA4,3,sydney,estimated,-0.401613269570617,0.0523611596103524,0.000000953549141708785,-0.401953359788418,0.0527834874212898,0.00000104502348062642,-0.000340090217800626,0.0846810211635241,0.000422327810937394,0.856522560241182,150121,Greater Sydney,2
cbd,CBD distance,primary,1,sa1,SA1,1,apartment,Apartment,2,none,No FE,1,sydney,estimated,-0.304182533694604,0.00224028385763574,0,-0.303685525795487,0.00223592349456725,0,0.000497007899117108,-0.1633913338417,-0.00000436036306849423,,47441,Greater Sydney,2
cbd,CBD distance,primary,1,sa1,SA1,1,apartment,Apartment,2,sa3,SA3,2,sydney,estimated,-0.203350959916511,0.0626725021154288,0.00237825296766965,-0.201440468119586,0.0594797633620245,0.00159804501572334,0.00191049179692512,-0.939504685746018,-0.00319273875340422,0.915003779143172,47440,Greater Sydney,2
cbd,CBD distance,primary,1,sa1,SA1,1,apartment,Apartment,2,sa4,SA4,3,sydney,estimated,-0.289630487958181,0.023302534915215,0.0000000059501584628865,-0.287848827815788,0.0236583489168978,0.0000000078320786391009,0.00178166014239256,-0.61514937703997,0.000355814001682747,0.800860699057222,47440,Greater Sydney,2
cbd,CBD distance,primary,1,sa1,SA1,1,house,House,1,none,No FE,1,high_clustering,estimated,-0.304799083986918,0.00210720570260634,0,-0.304844399309796,0.00210740897814642,0,-0.0000453153228781034,0.0148672765958979,0.000000203275540077135,,64820,High clustering,3
cbd,CBD distance,primary,1,sa1,SA1,1,house,House,1,sa3,SA3,2,high_clustering,estimated,-0.146199901385117,0.0552975350469618,0.0115600523508531,-0.150758508693585,0.0563367132562495,0.0106592391156494,-0.00455860730846838,3.1180645576909,0.00103917820928776,0.989629625783739,64820,High clustering,3
cbd,CBD distance,primary,1,sa1,SA1,1,house,House,1,sa4,SA4,3,high_clustering,estimated,-0.331135386717459,0.0426356696105978,0.0000000236823940417446,-0.331552510415778,0.0432478465395042,0.0000000302606711190378,-0.000417123698318755,0.125967720470377,0.000612176928906409,0.962591239419092,64820,High clustering,3
cbd,CBD distance,primary,1,sa1,SA1,1,apartment,Apartment,2,none,No FE,1,high_clustering,estimated,-0.187427466660372,0.00197029354012424,0,-0.187325196012933,0.00196700270922943,0,0.000102270647438729,-0.0545654536450835,-0.0000032908308948143,,39501,High clustering,3
cbd,CBD distance,primary,1,sa1,SA1,1,apartment,Apartment,2,sa3,SA3,2,high_clustering,estimated,-0.205877137357051,0.0495311951147281,0.000165465405912277,-0.202663238351081,0.0468219957534643,0.0000976594545191536,0.0032138990059693,-1.5610762065316,-0.00270919936126375,0.96059210440912,39500,High clustering,3
cbd,CBD distance,primary,1,sa1,SA1,1,apartment,Apartment,2,sa4,SA4,3,high_clustering,estimated,-0.270237452538737,0.026020058542721,0.0000000000626479554347372,-0.267917373546602,0.0265986874706027,0.000000000121551324642646,0.00232007899213454,-0.858533475037837,0.000578628927881686,0.91200231750578,39500,High clustering,3
cbd,CBD distance,primary,1,sa1,SA1,1,house,House,1,none,No FE,1,high_irregularity,estimated,-0.30482949960461,0.00186892292492791,0,-0.304773678205026,0.00186899651052504,0,0.0000558213995835999,-0.0183123351434222,0.000000073585597129772,,66521,Most irregular,4
cbd,CBD distance,primary,1,sa1,SA1,1,house,House,1,sa3,SA3,2,high_irregularity,estimated,-0.189793551816353,0.0518844315490204,0.000717589063392091,-0.18860985046811,0.0516340801278545,0.000728594493362981,0.00118370134824203,-0.623678379435877,-0.000250351421165904,0.990205226904562,66521,Most irregular,4
cbd,CBD distance,primary,1,sa1,SA1,1,house,House,1,sa4,SA4,3,high_irregularity,estimated,-0.339279640010143,0.0542799078669808,0.00000109619730875159,-0.338675076112495,0.0541308796611319,0.0000010790355171311,0.000604563897648291,-0.178190444210036,-0.000149028205848889,0.961393676009993,66521,Most irregular,4
cbd,CBD distance,primary,1,sa1,SA1,1,apartment,Apartment,2,none,No FE,1,high_irregularity,estimated,-0.172866691005174,0.00295180404516288,0,-0.173295897654961,0.0029522551718899,0,-0.000429206649787517,0.248287652925949,0.000000451126727021075,,16606,Most irregular,4
cbd,CBD distance,primary,1,sa1,SA1,1,apartment,Apartment,2,sa3,SA3,2,high_irregularity,estimated,-0.270743922433496,0.0878526755904758,0.0037158190729873,-0.271288664146908,0.0840254218936962,0.00248606112761621,-0.000544741713412733,0.201201825147734,-0.00382725369677964,0.97543314092304,16604,Most irregular,4
cbd,CBD distance,primary,1,sa1,SA1,1,apartment,Apartment,2,sa4,SA4,3,high_irregularity,estimated,-0.293070735931446,0.0370919157698712,0.000000017079275948715,-0.293164985222691,0.0362975809419178,0.0000000111910905829416,-0.0000942492912450743,0.0321592297318762,-0.000794334827953373,0.933359175896034,16605,Most irregular,4
cbd,CBD distance,primary,1,sa1,SA1,1,house,House,1,none,No FE,1,low_residential,estimated,-0.294845374112355,0.00241340265799703,0,-0.29502132094868,0.00241481536454469,0,-0.00017594683632538,0.0596742739665146,0.0000014127065476547,,57963,Low residential share,5
cbd,CBD distance,primary,1,sa1,SA1,1,house,House,1,sa3,SA3,2,low_residential,estimated,-0.100620605655166,0.0677017070058591,0.144867014910506,-0.105671432268884,0.0686649006139928,0.131500915628333,-0.00505082661371865,5.01967423156666,0.000963193608133725,0.988313875401051,57963,Low residential share,5
cbd,CBD distance,primary,1,sa1,SA1,1,house,House,1,sa4,SA4,3,low_residential,estimated,-0.278134021205596,0.0501830717889327,0.00000712123044603173,-0.27898303370195,0.050508770278317,0.00000749012373459504,-0.00084901249635494,0.305253018913265,0.000325698489384199,0.959464694150422,57963,Low residential share,5
cbd,CBD distance,primary,1,sa1,SA1,1,apartment,Apartment,2,none,No FE,1,low_residential,estimated,-0.141762864963841,0.00249704590924346,0,-0.141718358046212,0.00249226521238445,0,0.000044506917628695,-0.0313953288402113,-0.00000478069685901474,,22250,Low residential share,5
cbd,CBD distance,primary,1,sa1,SA1,1,apartment,Apartment,2,sa3,SA3,2,low_residential,estimated,-0.230607766136428,0.0288187561000697,0.000000000785581978147215,-0.22498441778892,0.0273617220084487,0.00000000039559242682737,0.00562334834750805,-2.43849044710024,-0.00145703409162103,0.953800301575004,22249,Low residential share,5
cbd,CBD distance,primary,1,sa1,SA1,1,apartment,Apartment,2,sa4,SA4,3,low_residential,estimated,-0.252524592854593,0.0140990152515319,0.000000000000000163701195418086,-0.249088981955297,0.0133577319125669,0.0000000000000000596367425913972,0.00343561089929634,-1.3605054701641,-0.000741283338965032,0.924709072094925,22250,Low residential share,5
cbd,CBD distance,primary,1,sa1,SA1,1,house,House,1,none,No FE,1,large_area,estimated,-0.245783211786857,0.00211300864980541,0,-0.245895959074482,0.0021137645495145,0,-0.000112747287625226,0.0458726561531897,0.000000755899709087467,,90142,Largest area,6
cbd,CBD distance,primary,1,sa1,SA1,1,house,House,1,sa3,SA3,2,large_area,estimated,-0.0304256167793001,0.0825136776137411,0.714223131195375,-0.0358436848726032,0.0843623939711211,0.673147526158372,-0.00541806809330308,17.8075867207702,0.00184871635738006,0.987098827016536,90141,Largest area,6
cbd,CBD distance,primary,1,sa1,SA1,1,house,House,1,sa4,SA4,3,large_area,estimated,-0.293298331253346,0.0523544334059962,0.00000607221439541499,-0.294139136156987,0.052881297315045,0.00000675378030981956,-0.000840804903640302,0.286672242575436,0.000526863909048804,0.948766383833041,90142,Largest area,6
cbd,CBD distance,primary,1,sa1,SA1,1,apartment,Apartment,2,none,No FE,1,large_area,estimated,-0.156412919541775,0.00507001854760082,0.0000000000000000000000000000000000000000000000000000000000000000000000000000000000000000000000000000000000000000000000000000000000000000000000000000000000000000000000000000000000000000000000000000150657002043759,-0.156342323960376,0.00507573919459697,0.0000000000000000000000000000000000000000000000000000000000000000000000000000000000000000000000000000000000000000000000000000000000000000000000000000000000000000000000000000000000000000000000000000576792258140384,0.000070595581398436,-0.0451341114309778,0.00000572064699615443,,8001,Largest area,6
cbd,CBD distance,primary,1,sa1,SA1,1,apartment,Apartment,2,sa3,SA3,2,large_area,estimated,0.000275896886839605,0.218159121387972,0.998997234672481,0.0423550519478379,0.221155478304474,0.849089379899705,0.0420791550609983,15251.7687107725,0.00299635691650257,0.996965916692496,8001,Largest area,6
cbd,CBD distance,primary,1,sa1,SA1,1,apartment,Apartment,2,sa4,SA4,3,large_area,estimated,-0.0992410134179222,0.104198757944916,0.349332985348658,-0.0886784619547631,0.106273444370014,0.411357341827179,0.0105625514631591,-10.6433329319989,0.00207468642509791,0.987032955162211,8001,Largest area,6
cbd,CBD distance,primary,1,sa2,SA2,2,house,House,1,none,No FE,1,sydney,estimated,-0.500081200255908,0.00157406364230142,0,-0.498620662255609,0.00157080779085617,0,0.00146053800029833,-0.292060169338682,-0.00000325585144525021,,153689,Greater Sydney,2
cbd,CBD distance,primary,1,sa2,SA2,2,house,House,1,sa3,SA3,2,sydney,estimated,-0.292312018691035,0.0485023965401613,0.000000396356905317704,-0.300906579137988,0.0462465038268332,0.0000000823570549823211,-0.00859456044695267,2.94020084615025,-0.00225589271332816,0.964972998914763,153689,Greater Sydney,2
cbd,CBD distance,primary,1,sa2,SA2,2,house,House,1,sa4,SA4,3,sydney,estimated,-0.397773727456869,0.0522875536873989,0.0000002513582644214,-0.397208506334762,0.0496139968596444,0.000000115228856323297,0.00056522112210794,-0.142096142377635,-0.00267355682775451,0.865476882548016,153689,Greater Sydney,2
cbd,CBD distance,primary,1,sa2,SA2,2,apartment,Apartment,2,none,No FE,1,sydney,estimated,-0.303931706147743,0.00223547700276483,0,-0.301505150151797,0.00220804799362172,0,0.00242655599594599,-0.798388567847019,-0.0000274290091431127,,47544,Greater Sydney,2
cbd,CBD distance,primary,1,sa2,SA2,2,apartment,Apartment,2,sa3,SA3,2,sydney,estimated,-0.203989805023619,0.0625830724121362,0.00228227347981189,-0.224034148230187,0.0488296618659858,0.0000435464435599261,-0.0200443432065686,9.8261495000928,-0.0137534105461504,0.916742453368643,47543,Greater Sydney,2
cbd,CBD distance,primary,1,sa2,SA2,2,apartment,Apartment,2,sa4,SA4,3,sydney,estimated,-0.290154276289816,0.0230095159897176,0.000000000226180645344194,-0.290629658392233,0.0175548517248915,0.0000000000024464608626763,-0.000475382102417155,0.163837703340386,-0.00545466426482616,0.797316306357318,47543,Greater Sydney,2
cbd,CBD distance,primary,1,sa2,SA2,2,house,House,1,none,No FE,1,high_clustering,estimated,-0.279913794569086,0.0017580486474928,0,-0.283308756724456,0.00176834015911428,0,-0.00339496215537061,1.21285989516773,0.0000102915116214817,,77409,High clustering,3
cbd,CBD distance,primary,1,sa2,SA2,2,house,House,1,sa3,SA3,2,high_clustering,estimated,-0.180143235160764,0.130952249629632,0.176402212180742,-0.204541343256428,0.128919697418148,0.120291331526169,-0.024398108095664,13.543727064683,-0.00203255221148385,0.993554339157542,77409,High clustering,3
cbd,CBD distance,primary,1,sa2,SA2,2,house,House,1,sa4,SA4,3,high_clustering,estimated,-0.347309788780859,0.0537428660361986,0.000000631550583417169,-0.356733190294309,0.0516661693028177,0.000000202880167687531,-0.00942340151344956,2.713255375418,-0.00207669673338093,0.951010338958218,77409,High clustering,3
cbd,CBD distance,primary,1,sa2,SA2,2,apartment,Apartment,2,none,No FE,1,high_clustering,estimated,-0.14366177554362,0.00263811412716808,0,-0.147378442502735,0.00261180672158369,0,-0.00371666695911443,2.58709524161904,-0.0000263074055843922,,18644,High clustering,3
cbd,CBD distance,primary,1,sa2,SA2,2,apartment,Apartment,2,sa3,SA3,2,high_clustering,estimated,-0.21544280308246,0.0465467896020711,0.0000383595122890008,-0.237119465461456,0.0371971449321794,0.00000014057731037722,-0.0216766623789963,10.0614465040634,-0.00934964466989167,0.968504814905974,18642,High clustering,3
cbd,CBD distance,primary,1,sa2,SA2,2,apartment,Apartment,2,sa4,SA4,3,high_clustering,estimated,-0.252039945813112,0.0367027715470961,0.000000273407616191339,-0.259169480331574,0.028069441346431,0.00000000108682384728114,-0.00712953451846149,2.8287319676493,-0.00863333020066511,0.924700016520222,18644,High clustering,3
cbd,CBD distance,primary,1,sa2,SA2,2,house,House,1,none,No FE,1,high_irregularity,estimated,-0.244143425764353,0.00203394307179209,0,-0.245597400962185,0.00202824531966721,0,-0.00145397519783241,0.595541409022338,-0.00000569775212487956,,61777,Most irregular,4
cbd,CBD distance,primary,1,sa2,SA2,2,house,House,1,sa3,SA3,2,high_irregularity,estimated,-0.280322350323918,0.125192094951889,0.0306347999503278,-0.257071995174427,0.131249763202027,0.0569801355672073,0.0232503551494911,-8.29414961833218,0.00605766825013826,0.994230764377764,61777,Most irregular,4
cbd,CBD distance,primary,1,sa2,SA2,2,house,House,1,sa4,SA4,3,high_irregularity,estimated,-0.302808832439854,0.0722800426970989,0.000267698988793101,-0.296843488134593,0.064956757485127,0.0000967468911495649,0.00596534430526113,-1.97000340353216,-0.00732328521197191,0.972039793151304,61777,Most irregular,4
cbd,CBD distance,primary,1,sa2,SA2,2,apartment,Apartment,2,none,No FE,1,high_irregularity,estimated,-0.157759214443245,0.00305948646307681,0,-0.15799595120675,0.00302660188101519,0,-0.000236736763505441,0.150062083118829,-0.0000328845820616189,,15082,Most irregular,4
cbd,CBD distance,primary,1,sa2,SA2,2,apartment,Apartment,2,sa3,SA3,2,high_irregularity,estimated,-0.132133233042676,0.0832420966307981,0.120310929317063,-0.120540742444958,0.0778923368417189,0.129611769325713,0.011592490597718,-8.77333455844064,-0.00534975978907924,0.991953769474837,15080,Most irregular,4
cbd,CBD distance,primary,1,sa2,SA2,2,apartment,Apartment,2,sa4,SA4,3,high_irregularity,estimated,-0.240549423794007,0.0523029459177965,0.0000894310069307698,-0.236184963912781,0.0488132911422989,0.0000470054257555566,0.00436445988122533,-1.81437137216459,-0.00348965477549758,0.950716850623434,15081,Most irregular,4
cbd,CBD distance,primary,1,sa2,SA2,2,house,House,1,none,No FE,1,low_residential,estimated,-0.196558812814329,0.00322671938646029,0,-0.195242455699217,0.00324748069918554,0,0.00131635711511224,-0.669701396882005,0.0000207613127252405,,45636,Low residential share,5
cbd,CBD distance,primary,1,sa2,SA2,2,house,House,1,sa3,SA3,2,low_residential,estimated,0.0296843725629096,0.0924600396347804,0.749802735458611,0.100017139966388,0.101309389927109,0.329313388249466,0.0703327674034785,236.935334423605,0.00884935029232826,0.986024612760236,45636,Low residential share,5
cbd,CBD distance,primary,1,sa2,SA2,2,house,House,1,sa4,SA4,3,low_residential,estimated,-0.109631862670229,0.0884980068013571,0.227911596207515,-0.0714919607844196,0.0830022491729725,0.397949687888315,0.0381399018858091,-34.7890667520021,-0.00549575762838465,0.946809120438121,45636,Low residential share,5
cbd,CBD distance,primary,1,sa2,SA2,2,apartment,Apartment,2,none,No FE,1,low_residential,estimated,-0.174120461411079,0.00659365256900689,0.000000000000000000000000000000000000000000000000000000000000000000000000000000000000000000000000000000000000000000000000000000000000000000000540546100344155,-0.182164186798502,0.00638543155737042,0.000000000000000000000000000000000000000000000000000000000000000000000000000000000000000000000000000000000000000000000000000000000000000000000000000000000000000000229933864912596,-0.00804372538742371,4.61963247870874,-0.000208221011636462,,4087,Low residential share,5
cbd,CBD distance,primary,1,sa2,SA2,2,apartment,Apartment,2,sa3,SA3,2,low_residential,estimated,-0.184645751979411,0.0460320737758833,0.000257055469626019,-0.404790247650126,0.0541766350314021,0.00000000416799280452868,-0.220144495670715,119.225323794756,0.0081445612555188,0.990210936795296,4084,Low residential share,5
cbd,CBD distance,primary,1,sa2,SA2,2,apartment,Apartment,2,sa4,SA4,3,low_residential,estimated,-0.0921540662486774,0.0701916447280944,0.20338629938763,-0.176791115193215,0.092705074240839,0.070290184249876,-0.0846370489445373,91.8429890181346,0.0225134295127446,0.976903650872097,4087,Low residential share,5
cbd,CBD distance,primary,1,sa2,SA2,2,house,House,1,none,No FE,1,large_area,estimated,-0.132291743823085,0.00273603210846377,0,-0.133418338160885,0.00278164573437555,0,-0.00112659433780005,0.851598372840745,0.0000456136259117789,,64318,Largest area,6
cbd,CBD distance,primary,1,sa2,SA2,2,house,House,1,sa3,SA3,2,large_area,estimated,-0.0236534518428788,0.0921002124511995,0.798599869916034,0.0235343013329678,0.101635216465019,0.818034245011295,0.0471877531758466,-199.496265869766,0.00953500401381981,0.982189540976939,64318,Largest area,6
cbd,CBD distance,primary,1,sa2,SA2,2,house,House,1,sa4,SA4,3,large_area,estimated,-0.155155254241275,0.0744122686624203,0.0524514432846269,-0.140263574627346,0.073365002449235,0.072899746912654,0.0148916796139293,-9.59792157007582,-0.00104726621318528,0.902797120800938,64318,Largest area,6
cbd,CBD distance,primary,1,sa2,SA2,2,apartment,Apartment,2,none,No FE,1,large_area,estimated,-0.0820962415009198,0.0128535650016994,0.000000000197564460511309,-0.0789088475343032,0.0137326028406052,0.0000000101245929755296,0.0031873939666166,-3.8825090020484,0.000879037838905812,,2792,Largest area,6
cbd,CBD distance,primary,1,sa2,SA2,2,apartment,Apartment,2,sa3,SA3,2,large_area,estimated,0.624263880159546,0.648786106400046,0.341728645021218,0.554836148745585,0.520313984339086,0.292660252035823,-0.0694277314139612,-11.1215358793812,-0.128472122060959,0.995281147849123,2791,Largest area,6
cbd,CBD distance,primary,1,sa2,SA2,2,apartment,Apartment,2,sa4,SA4,3,large_area,estimated,0.00466534122987798,0.144797534715576,0.974672067590352,-0.00107707849913832,0.14497023191942,0.994158540925948,-0.0057424197290163,-123.08681071902,0.000172697203844441,0.9553703432216,2792,Largest area,6
cbd,CBD distance,primary,1,poa,Postcode,3,house,House,1,none,No FE,1,sydney,estimated,-0.484199435418597,0.00142855053085114,0,-0.471576519987723,0.00140031350598638,0,0.0126229154308746,-2.60696616053711,-0.0000282370248647552,,158324,Greater Sydney,2
cbd,CBD distance,primary,1,poa,Postcode,3,house,House,1,sa3,SA3,2,sydney,estimated,-0.28467828219955,0.047528327591628,0.000000447574176608877,-0.255881167475799,0.0461508046694346,0.00000191939193299734,0.0287971147237502,-10.1156696960692,-0.00137752292219334,0.958016475501695,158324,Greater Sydney,2
cbd,CBD distance,primary,1,poa,Postcode,3,house,House,1,sa4,SA4,3,sydney,estimated,-0.390769705230976,0.0522751248776143,0.000000327095081038911,-0.364356725990243,0.0539515936582083,0.00000143669017931881,0.0264129792407335,-6.75921876418779,0.00167646878059399,0.870273488009999,158324,Greater Sydney,2
cbd,CBD distance,primary,1,poa,Postcode,3,apartment,Apartment,2,none,No FE,1,sydney,estimated,-0.304520804582445,0.00223018054858872,0,-0.23911841780134,0.0019115498304378,0,0.0654023867811056,-21.477148949079,-0.000318630718150923,,47859,Greater Sydney,2
cbd,CBD distance,primary,1,poa,Postcode,3,apartment,Apartment,2,sa3,SA3,2,sydney,estimated,-0.20894175606521,0.0628477996119848,0.00190337853981334,-0.113093565594055,0.00863795028294249,0.000000000000000478355245164261,0.0958481904711555,-45.8731621080286,-0.0542098493290423,0.79424118252375,47858,Greater Sydney,2
cbd,CBD distance,primary,1,poa,Postcode,3,apartment,Apartment,2,sa4,SA4,3,sydney,estimated,-0.292158974898771,0.0231690717789565,0.0000000000563416212829974,-0.168618994197125,0.0395246615839612,0.000377559201542686,0.123539980701646,-42.2851910486238,0.0163555898050046,0.676528253107124,47858,Greater Sydney,2
cbd,CBD distance,primary,1,poa,Postcode,3,house,House,1,none,No FE,1,high_clustering,estimated,-0.305069454956052,0.00179250072426313,0,-0.307671884489168,0.00181521097141995,0,-0.00260242953311618,0.853061324507598,0.0000227102471568133,,73167,High clustering,3
cbd,CBD distance,primary,1,poa,Postcode,3,house,House,1,sa3,SA3,2,high_clustering,estimated,-0.266167893050787,0.129152955062625,0.0456966588592839,-0.198508191178681,0.104356885716681,0.0641850645211529,0.0676597018721054,-25.419933672915,-0.024796069345944,0.986290591892391,73167,High clustering,3
cbd,CBD distance,primary,1,poa,Postcode,3,house,House,1,sa4,SA4,3,high_clustering,estimated,-0.344748394542295,0.0556272029437895,0.00000125943598544016,-0.3002738146625,0.0624777087420658,0.0000512888354603124,0.0444745798797955,-12.9005908610081,0.00685050579827638,0.937795466740775,73167,High clustering,3
cbd,CBD distance,primary,1,poa,Postcode,3,apartment,Apartment,2,none,No FE,1,high_clustering,estimated,-0.190400252670692,0.00300845910553808,0,-0.155587425214391,0.00249266918696362,0,0.0348128274563013,-18.2840237699223,-0.00051578991857446,,15525,High clustering,3
cbd,CBD distance,primary,1,poa,Postcode,3,apartment,Apartment,2,sa3,SA3,2,high_clustering,estimated,-0.200394171117194,0.0608583901523102,0.00208024277907626,-0.0527658347734358,0.0153801933761537,0.00141052067490284,0.147628336343758,-73.6689772565403,-0.0454781967761566,0.926414579806639,15523,High clustering,3
cbd,CBD distance,primary,1,poa,Postcode,3,apartment,Apartment,2,sa4,SA4,3,high_clustering,estimated,-0.249001232719881,0.0336709870064857,0.0000000590921070145835,-0.116738208230029,0.0133271680614649,0.00000000224610660767273,0.132263024489852,-53.1174175505565,-0.0203438189450208,0.759452050525938,15525,High clustering,3
cbd,CBD distance,primary,1,poa,Postcode,3,house,House,1,none,No FE,1,high_irregularity,estimated,-0.324183640853615,0.00175641755133457,0,-0.3281787540512,0.00177245192486273,0,-0.00399511319758528,1.23236113551741,0.0000160343735281585,,75029,Most irregular,4
cbd,CBD distance,primary,1,poa,Postcode,3,house,House,1,sa3,SA3,2,high_irregularity,estimated,-0.318522700622961,0.114186163869026,0.00797221808788178,-0.292454662177761,0.113632237875564,0.0137747324582216,0.0260680384452005,-8.18404414951182,-0.00055392599346181,0.992664490105419,75028,Most irregular,4
cbd,CBD distance,primary,1,poa,Postcode,3,house,House,1,sa4,SA4,3,high_irregularity,estimated,-0.450574035008149,0.094386245510445,0.0000559512551401719,-0.433320612488314,0.0972658163026556,0.000131643411058977,0.0172534225198346,-3.82920922629787,0.00287957079221064,0.962567041359328,75029,Most irregular,4
cbd,CBD distance,primary,1,poa,Postcode,3,apartment,Apartment,2,none,No FE,1,high_irregularity,estimated,-0.182091502548882,0.00389355768197055,0,-0.186550299943269,0.00389827699818779,0,-0.00445879739438659,2.44865758806601,0.00000471931621723667,,10213,Most irregular,4
cbd,CBD distance,primary,1,poa,Postcode,3,apartment,Apartment,2,sa3,SA3,2,high_irregularity,estimated,-0.0337706743482623,0.0800736464398921,0.675469064390168,-0.256238670736787,0.130165867281888,0.0559611523474283,-0.222467996388524,658.760894420728,0.0500922208419956,0.994049558495349,10211,Most irregular,4
cbd,CBD distance,primary,1,poa,Postcode,3,apartment,Apartment,2,sa4,SA4,3,high_irregularity,estimated,-0.458441902163722,0.0872289813644291,0.0000171382415205969,-0.515547621699371,0.0609853931230818,0.0000000061924989619028,-0.0571057195356485,12.456479057897,-0.0262435882413473,0.968726397452837,10213,Most irregular,4
cbd,CBD distance,primary,1,poa,Postcode,3,house,House,1,none,No FE,1,low_residential,estimated,-0.26972345215339,0.00561711609431917,0,-0.274470379928824,0.00566645391808156,0,-0.00474692777543373,1.75992400272786,0.0000493378237623942,,11641,Low residential share,5
cbd,CBD distance,primary,1,poa,Postcode,3,house,House,1,sa3,SA3,2,low_residential,estimated,-0.0237871080961853,0.146514042657921,0.871887531144639,-0.0503006979396767,0.115655251545631,0.666081128973721,-0.0265135898434914,111.462014366275,-0.0308587911122901,0.979225750137545,11641,Low residential share,5
cbd,CBD distance,primary,1,poa,Postcode,3,house,House,1,sa4,SA4,3,low_residential,estimated,-0.0702119862019489,0.0784709137271277,0.385052541262855,-0.0728635327296616,0.080191375746373,0.377918195835693,-0.00265154652771271,3.77648699480762,0.00172046201924536,0.888830931564121,11641,Low residential share,5
cbd,CBD distance,primary,1,poa,Postcode,3,apartment,Apartment,2,none,No FE,1,low_residential,estimated,-0.108805985968947,0.0810339556955078,0.181101387249688,-0.102091750554154,0.0813948428674618,0.211413762075016,0.0067142354147931,-6.17083274876928,0.000360887171953941,,187,Low residential share,5
cbd,CBD distance,primary,1,poa,Postcode,3,apartment,Apartment,2,sa3,SA3,2,low_residential,estimated,1.53662512969338,0.487994633446584,0.00528602855355558,1.34113718019701,0.507156953194744,0.0159910736745079,-0.195487949496367,-12.7219024158075,0.0191623197481605,0.997778797501791,182,Low residential share,5
cbd,CBD distance,primary,1,poa,Postcode,3,apartment,Apartment,2,sa4,SA4,3,low_residential,estimated,-0.640662944920338,0.610520098064744,0.316515579415185,-0.60540120943404,0.529030717092009,0.276765343984354,0.0352617354862977,-5.50394490049402,-0.081489380972735,0.960933773719936,184,Low residential share,5
cbd,CBD distance,primary,1,poa,Postcode,3,house,House,1,none,No FE,1,large_area,estimated,-0.20811033915601,0.00289535144275976,0,-0.209518374806025,0.00298718713403168,0,-0.00140803565001568,0.676581305727519,0.0000918356912719157,,60084,Largest area,6
cbd,CBD distance,primary,1,poa,Postcode,3,house,House,1,sa3,SA3,2,large_area,estimated,0.0111311100104709,0.13376800320888,0.934131501992145,-0.00915553270500292,0.115447605674518,0.937217677663909,-0.0202866427154738,-182.25174934387,-0.0183203975343621,0.960663084826255,60083,Largest area,6
cbd,CBD distance,primary,1,poa,Postcode,3,house,House,1,sa4,SA4,3,large_area,estimated,-0.255917865332354,0.0542629017774812,0.000500171559789632,-0.237010215711275,0.0549959875632208,0.00101457103387697,0.0189076496210783,-7.3881710432851,0.000733085785739523,0.786548703723066,60083,Largest area,6
cbd,CBD distance,primary,1,poa,Postcode,3,apartment,Apartment,2,none,No FE,1,large_area,estimated,-0.0766374875921434,0.0171004941772466,0.00000772238198229995,-0.0619684162749494,0.0174215726240521,0.000381682509523952,0.014669071317194,-19.1408562285617,0.000321078446805526,,2669,Largest area,6
cbd,CBD distance,primary,1,poa,Postcode,3,apartment,Apartment,2,sa3,SA3,2,large_area,estimated,0.372156946392534,0.385565600559843,0.341671242667184,0.398904957777555,0.403162581267766,0.329871157878897,0.0267480113850214,7.18729332995141,0.0175969807079233,0.970198151114211,2669,Largest area,6
cbd,CBD distance,primary,1,poa,Postcode,3,apartment,Apartment,2,sa4,SA4,3,large_area,estimated,0.031266533887426,0.149189894898222,0.837514905712008,0.0325298429784013,0.134082174060322,0.812403659044359,0.00126330909097534,4.04045135135169,-0.0151077208378997,0.836460543152892,2669,Largest area,6
shops1,Shops within 1 km,primary,2,sa1,SA1,1,house,House,1,none,No FE,1,sydney,estimated,0.0127098943262922,0.000560772728916498,0.0000000000000000000000000000000000000000000000000000000000000000000000000000000000000000000000000000000000000000154255525894943,0.0140718603180048,0.000563097821171121,0.0000000000000000000000000000000000000000000000000000000000000000000000000000000000000000000000000000000000000000000000000000000000000000150082971119157,0.00136196599171257,10.7157931981791,0.00000232509225462252,,150123,Greater Sydney,2
shops1,Shops within 1 km,primary,2,sa1,SA1,1,house,House,1,sa3,SA3,2,sydney,estimated,0.00966828354566311,0.00267983125573665,0.000831154212117705,0.0107423085392998,0.00268166501096847,0.000253963327022746,0.00107402499363672,11.1087452965578,0.00000183375523181775,0.276858237193612,150121,Greater Sydney,2
shops1,Shops within 1 km,primary,2,sa1,SA1,1,house,House,1,sa4,SA4,3,sydney,estimated,0.0115357383366508,0.00205481920177608,0.0000388028036162461,0.0124114779578773,0.00219159433404673,0.0000352718029783536,0.000875739621226529,7.59153506840715,0.000136775132270648,0.170189804305176,150121,Greater Sydney,2
shops1,Shops within 1 km,primary,2,sa1,SA1,1,apartment,Apartment,2,none,No FE,1,sydney,estimated,0.0264128054437123,0.0012567928378457,0.000000000000000000000000000000000000000000000000000000000000000000000000000000000000000000000000130610624932983,0.0323952062086619,0.00128776933957265,0.000000000000000000000000000000000000000000000000000000000000000000000000000000000000000000000000000000000000000000000000000000000000000000989516102469218,0.0059824007649496,22.6496226525371,0.0000309765017269502,,47441,Greater Sydney,2
shops1,Shops within 1 km,primary,2,sa1,SA1,1,apartment,Apartment,2,sa3,SA3,2,sydney,estimated,0.0177253407790052,0.00553774657301454,0.00268456661542617,0.0206794784355604,0.00584419442154373,0.0010366541912798,0.00295413765655521,16.6661825766094,0.000306447848529187,0.3022612575078,47440,Greater Sydney,2
shops1,Shops within 1 km,primary,2,sa1,SA1,1,apartment,Apartment,2,sa4,SA4,3,sydney,estimated,0.0213683309730254,0.00669441613045042,0.0065239819070115,0.0249073103741068,0.0068585385047503,0.00272250351963527,0.00353897940108147,16.5617960782663,0.000164122374299886,0.132339399986185,47440,Greater Sydney,2
shops1,Shops within 1 km,primary,2,sa1,SA1,1,house,House,1,none,No FE,1,high_clustering,estimated,0.0615121824272009,0.00118597081018024,0,0.0744735215896952,0.00121436719735727,0,0.0129613391624943,21.0711742797192,0.000028396387177033,,64820,High clustering,3
shops1,Shops within 1 km,primary,2,sa1,SA1,1,house,House,1,sa3,SA3,2,high_clustering,estimated,0.0264776981931209,0.00562757250160713,0.0000288166328221125,0.0348525796622554,0.00574098855465369,0.000000343062686850423,0.00837488146913451,31.6299453526907,0.000113416053046557,0.30627942369181,64820,High clustering,3
shops1,Shops within 1 km,primary,2,sa1,SA1,1,house,House,1,sa4,SA4,3,high_clustering,estimated,0.0373932225927675,0.00750846225685457,0.0000321248946149202,0.0484102240649514,0.00928806320310409,0.0000172325158839451,0.0110170014721839,29.4625622192691,0.00177960094624951,0.228701667443199,64820,High clustering,3
shops1,Shops within 1 km,primary,2,sa1,SA1,1,apartment,Apartment,2,none,No FE,1,high_clustering,estimated,0.0403139025665915,0.00143669969757445,0.00000000000000000000000000000000000000000000000000000000000000000000000000000000000000000000000000000000000000000000000000000000000000000000000000000000000000000000000000146227472301427,0.0501164550522404,0.00147405695101136,0.000000000000000000000000000000000000000000000000000000000000000000000000000000000000000000000000000000000000000000000000000000000000000000000000000000000000000000000000000000000000000000000000000000000000000000000000000000000000000000000000000000000938876801489841,0.00980255248564887,24.3155632711489,0.0000373572534369127,,39501,High clustering,3
shops1,Shops within 1 km,primary,2,sa1,SA1,1,apartment,Apartment,2,sa3,SA3,2,high_clustering,estimated,0.0238426508935415,0.00725644455743809,0.00212169361849685,0.0286522413002741,0.00776054670438283,0.000663821144687462,0.0048095904067326,20.1722133508041,0.00050410214694474,0.420629739662724,39500,High clustering,3
shops1,Shops within 1 km,primary,2,sa1,SA1,1,apartment,Apartment,2,sa4,SA4,3,high_clustering,estimated,0.0267879381809712,0.00724878658599272,0.000984711451131295,0.0337047092096122,0.0077220543450664,0.000167637394216586,0.00691677102864101,25.8204680849769,0.000473267759073685,0.24269755835975,39500,High clustering,3
shops1,Shops within 1 km,primary,2,sa1,SA1,1,house,House,1,none,No FE,1,high_irregularity,estimated,0.0492017131948472,0.00106331147234783,0,0.0530815355726872,0.00106609054044264,0,0.00387982237784001,7.88554325837243,0.0000027790680948111,,66521,Most irregular,4
shops1,Shops within 1 km,primary,2,sa1,SA1,1,house,House,1,sa3,SA3,2,high_irregularity,estimated,0.0182817760389323,0.00443169587525191,0.00017644893156492,0.0224933904526516,0.00450501454671894,0.0000114727960649487,0.00421161441371926,23.0372279189414,0.0000733186714670306,0.302422991836757,66521,Most irregular,4
shops1,Shops within 1 km,primary,2,sa1,SA1,1,house,House,1,sa4,SA4,3,high_irregularity,estimated,0.0282362534787572,0.00576883305744416,0.000040427156881778,0.0342104389605278,0.00691791282780888,0.0000352884851385523,0.00597418548177062,21.1578546929575,0.00114907977036472,0.224658275464384,66521,Most irregular,4
shops1,Shops within 1 km,primary,2,sa1,SA1,1,apartment,Apartment,2,none,No FE,1,high_irregularity,estimated,0.0618989607226084,0.00219335129678965,0.00000000000000000000000000000000000000000000000000000000000000000000000000000000000000000000000000000000000000000000000000000000000000000000000000000000000000000000000000346251997495251,0.0550260478756819,0.00219386432134556,0.000000000000000000000000000000000000000000000000000000000000000000000000000000000000000000000000000000000000000000000000000000000000000268693528257357,-0.00687291284692648,-11.103438194587,0.00000051302455591172,,16606,Most irregular,4
shops1,Shops within 1 km,primary,2,sa1,SA1,1,apartment,Apartment,2,sa3,SA3,2,high_irregularity,estimated,0.0200684959430736,0.00906896509093491,0.0326759406595046,0.0150005673703987,0.00975168925958536,0.131860597990271,-0.00506792857267485,-25.2531559268346,0.000682724168650452,0.432075000640269,16604,Most irregular,4
shops1,Shops within 1 km,primary,2,sa1,SA1,1,apartment,Apartment,2,sa4,SA4,3,high_irregularity,estimated,0.0304039155309708,0.0118510951698794,0.0161737769938481,0.0248164663434635,0.0124504705685749,0.0564325304969993,-0.00558744918750731,-18.3774000484105,0.000599375398695517,0.269792680379604,16605,Most irregular,4
shops1,Shops within 1 km,primary,2,sa1,SA1,1,house,House,1,none,No FE,1,low_residential,estimated,0.0681914712546572,0.00137697274077422,0,0.0793352634879554,0.00140876342856198,0,0.0111437922332982,16.3419149466395,0.000031790687787763,,57963,Low residential share,5
shops1,Shops within 1 km,primary,2,sa1,SA1,1,house,House,1,sa3,SA3,2,low_residential,estimated,0.0324406087908654,0.00606571496705256,0.00000363669067227845,0.041164497223805,0.00593022088522789,0.0000000199316785926231,0.00872388843293964,26.8918764415916,-0.000135494081824671,0.260947045690327,57963,Low residential share,5
shops1,Shops within 1 km,primary,2,sa1,SA1,1,house,House,1,sa4,SA4,3,low_residential,estimated,0.0427192723730901,0.00841104692951665,0.0000246351274490019,0.0536513230623767,0.010544474703559,0.0000240371175262746,0.0109320506892867,25.5904421634602,0.00213342777404232,0.187810295148739,57963,Low residential share,5
shops1,Shops within 1 km,primary,2,sa1,SA1,1,apartment,Apartment,2,none,No FE,1,low_residential,estimated,0.0605747071868414,0.00208271295945141,0.0000000000000000000000000000000000000000000000000000000000000000000000000000000000000000000000000000000000000000000000000000000000000000000000000000000000000000000000000000000000000146715388585493,0.0767686826681668,0.00215506707769679,0.00000000000000000000000000000000000000000000000000000000000000000000000000000000000000000000000000000000000000000000000000000000000000000000000000000000000000000000000000000000000000000000000000000000000000000000000000000000000000000000000000000000000000000000000000000243540061537225,0.0161939754813254,26.7338898252953,0.0000723541182453872,,22250,Low residential share,5
shops1,Shops within 1 km,primary,2,sa1,SA1,1,apartment,Apartment,2,sa3,SA3,2,low_residential,estimated,0.0359569768411653,0.0120009007880124,0.00467750494125997,0.0487695650951681,0.0119928063813356,0.000217480883403624,0.0128125882540029,35.6331076180309,-0.00000809440667689024,0.487203876103371,22249,Low residential share,5
shops1,Shops within 1 km,primary,2,sa1,SA1,1,apartment,Apartment,2,sa4,SA4,3,low_residential,estimated,0.0402661606945877,0.0102516361396715,0.000535581031083354,0.0515945620735761,0.0103275532693939,0.0000307999590803375,0.0113284013789884,28.1338006494151,0.0000759171297224272,0.313290533278924,22250,Low residential share,5
shops1,Shops within 1 km,primary,2,sa1,SA1,1,house,House,1,none,No FE,1,large_area,estimated,0.0637139890575078,0.0010725429893892,0,0.076278999286675,0.00110920437225942,0,0.0125650102291672,19.7209598944215,0.0000366613828702133,,90142,Largest area,6
shops1,Shops within 1 km,primary,2,sa1,SA1,1,house,House,1,sa3,SA3,2,large_area,estimated,0.0321597431304172,0.00561779562171832,0.00000106565184068688,0.0423518375781832,0.0057727005041749,0.00000000554112174928664,0.0101920944477661,31.6920891016889,0.000154904882456583,0.0694240112703572,90141,Largest area,6
shops1,Shops within 1 km,primary,2,sa1,SA1,1,house,House,1,sa4,SA4,3,large_area,estimated,0.0421096476017788,0.00771029335911906,0.00000883802249734986,0.0542450925951014,0.00902812346185759,0.00000206902983849906,0.0121354449933226,28.8186809542666,0.00131783010273853,0.0350293221724041,90142,Largest area,6
shops1,Shops within 1 km,primary,2,sa1,SA1,1,apartment,Apartment,2,none,No FE,1,large_area,estimated,0.0540456085060157,0.00281610402292221,0.0000000000000000000000000000000000000000000000000000000000000000000000000000000273513298285932,0.0622316887893355,0.00300613482560683,0.00000000000000000000000000000000000000000000000000000000000000000000000000000000000000000000885059711156098,0.0081860802833198,15.1466150712479,0.000190030802684622,,8001,Largest area,6
shops1,Shops within 1 km,primary,2,sa1,SA1,1,apartment,Apartment,2,sa3,SA3,2,large_area,estimated,0.025369450323073,0.00958776813343763,0.0115876638033803,0.0284962913875752,0.0112461737111749,0.0153015669496699,0.00312684106450219,12.3252219684807,0.00165840557773723,0.451286111306328,8001,Largest area,6
shops1,Shops within 1 km,primary,2,sa1,SA1,1,apartment,Apartment,2,sa4,SA4,3,large_area,estimated,0.0349554982499395,0.0106434186251443,0.00283128760288478,0.0413131841585473,0.0109447701246439,0.000800762883778323,0.00635768590860781,18.1879424608654,0.000301351499499504,0.326735213243225,8001,Largest area,6
shops1,Shops within 1 km,primary,2,sa2,SA2,2,house,House,1,none,No FE,1,sydney,estimated,0.0133691964394487,0.000562582836617597,0.000000000000000000000000000000000000000000000000000000000000000000000000000000000000000000000000000000000000000000000000000132483077546085,0.00504077821287297,0.000531996295401372,0.00000000000000000000269807790472793,-0.00832841822657571,-62.2955782293761,-0.0000305865412162255,,153689,Greater Sydney,2
shops1,Shops within 1 km,primary,2,sa2,SA2,2,house,House,1,sa3,SA3,2,sydney,estimated,0.00953915852048537,0.00265787941765158,0.000877931535482143,0.00394485656822844,0.00409630709291489,0.341179493348668,-0.00559430195225693,-58.6456545432508,0.0014384276752633,0.383766290267846,153689,Greater Sydney,2
shops1,Shops within 1 km,primary,2,sa2,SA2,2,house,House,1,sa4,SA4,3,sydney,estimated,0.0117021321881024,0.00198345308922238,0.00000902935950590003,0.003867840780127,0.00523758398024126,0.468802029243561,-0.00783429140797538,-66.9475552151132,0.00325413089101888,0.217004139488987,153689,Greater Sydney,2
shops1,Shops within 1 km,primary,2,sa2,SA2,2,apartment,Apartment,2,none,No FE,1,sydney,estimated,0.0263624577475525,0.00125718984004862,0.000000000000000000000000000000000000000000000000000000000000000000000000000000000000000000000000344891864815998,0.0158995167648968,0.00108486284448764,0.00000000000000000000000000000000000000000000000157934850524006,-0.0104629409826558,-39.6887918526001,-0.000172326995560984,,47544,Greater Sydney,2
shops1,Shops within 1 km,primary,2,sa2,SA2,2,apartment,Apartment,2,sa3,SA3,2,sydney,estimated,0.0175443089900095,0.00555280846536697,0.00300693428322776,0.0144111139302255,0.0108434577545555,0.191374566593004,-0.00313319505978405,-17.8587544346616,0.00529064928918852,0.500622849648887,47543,Greater Sydney,2
shops1,Shops within 1 km,primary,2,sa2,SA2,2,apartment,Apartment,2,sa4,SA4,3,sydney,estimated,0.0211523498361614,0.00665872956230249,0.00522390060533704,0.0144414584586927,0.0117740340327236,0.23579461036118,-0.00671089137746871,-31.7264579559665,0.00511530447042109,0.279647384234794,47543,Greater Sydney,2
shops1,Shops within 1 km,primary,2,sa2,SA2,2,house,House,1,none,No FE,1,high_clustering,estimated,0.0488848855694641,0.000949638381716369,0,0.020445682742519,0.00103043811324973,0.00000000000000000000000000000000000000000000000000000000000000000000000000000000000000214473446341873,-0.0284392028269451,-58.1758604845945,0.0000807997315333566,,77409,High clustering,3
shops1,Shops within 1 km,primary,2,sa2,SA2,2,house,House,1,sa3,SA3,2,high_clustering,estimated,0.020339595017374,0.00535759032545028,0.000476667346318698,0.0201212231767914,0.0167883663032977,0.237595894586055,-0.000218371840582623,-1.07362924579418,0.0114307759778474,0.651875920200191,77409,High clustering,3
shops1,Shops within 1 km,primary,2,sa2,SA2,2,house,House,1,sa4,SA4,3,high_clustering,estimated,0.0281864626678721,0.00514334425240798,0.00000840743228446185,0.0118932325134801,0.0138112566436395,0.396751727020827,-0.016293230154392,-57.8051611029702,0.00866791239123148,0.361240326190603,77409,High clustering,3
shops1,Shops within 1 km,primary,2,sa2,SA2,2,apartment,Apartment,2,none,No FE,1,high_clustering,estimated,0.0644039581481906,0.00216069441849894,0.0000000000000000000000000000000000000000000000000000000000000000000000000000000000000000000000000000000000000000000000000000000000000000000000000000000000000000000000000000000000000000000000931119033520998,0.0219656973578637,0.00194109209481055,0.0000000000000000000000000000136348859806157,-0.0424382607903269,-65.8938705175206,-0.000219602323688394,,18644,High clustering,3
shops1,Shops within 1 km,primary,2,sa2,SA2,2,apartment,Apartment,2,sa3,SA3,2,high_clustering,estimated,0.0325205668593666,0.0135781603034427,0.0213903243110505,0.0564759605052439,0.0201659917321893,0.00781982215194161,0.0239553936458773,73.6622880820961,0.00658783142874652,0.865937301161119,18642,High clustering,3
shops1,Shops within 1 km,primary,2,sa2,SA2,2,apartment,Apartment,2,sa4,SA4,3,high_clustering,estimated,0.0475126307901289,0.0133146392854982,0.00142489864458031,0.0419762045187224,0.0156139893433898,0.0123615877691524,-0.00553642627140646,-11.6525357138437,0.00229935005789155,0.643226070507758,18644,High clustering,3
shops1,Shops within 1 km,primary,2,sa2,SA2,2,house,House,1,none,No FE,1,high_irregularity,estimated,0.0575210327643738,0.00123359694439037,0,0.0308947896315033,0.00121371518742073,0.00000000000000000000000000000000000000000000000000000000000000000000000000000000000000000000000000000000000000000000000000000000000000000000034007590596787,-0.0266262431328705,-46.2895776609939,-0.0000198817569696411,,61777,Most irregular,4
shops1,Shops within 1 km,primary,2,sa2,SA2,2,house,House,1,sa3,SA3,2,high_irregularity,estimated,0.0227909758734031,0.00427139562479778,0.00000378707849505302,0.0118005109929795,0.0141504496288165,0.409151816862181,-0.0109904648804236,-48.2228797111292,0.00987905400401877,0.676946964771847,61777,Most irregular,4
shops1,Shops within 1 km,primary,2,sa2,SA2,2,house,House,1,sa4,SA4,3,high_irregularity,estimated,0.025219072346521,0.00531233007077735,0.0000600742902611632,0.00920623242451756,0.0133789742690417,0.497252111061063,-0.0160128399220034,-63.494960092029,0.00806664419826434,0.503305815981895,61777,Most irregular,4
shops1,Shops within 1 km,primary,2,sa2,SA2,2,apartment,Apartment,2,none,No FE,1,high_irregularity,estimated,0.0716713973182852,0.0025292069400167,0.000000000000000000000000000000000000000000000000000000000000000000000000000000000000000000000000000000000000000000000000000000000000000000000000000000000000000000000000000375947499284391,0.0090491014215246,0.00217705975866962,0.0000324846021820591,-0.0626222958967606,-87.374180272587,-0.000352147181347082,,15082,Most irregular,4
shops1,Shops within 1 km,primary,2,sa2,SA2,2,apartment,Apartment,2,sa3,SA3,2,high_irregularity,estimated,0.0386269346403425,0.0101490176956184,0.000474676977895565,0.0178939304192983,0.0127485678741152,0.168153178174897,-0.0207330042210442,-53.6749923701955,0.00259955017849681,0.776428553525501,15080,Most irregular,4
shops1,Shops within 1 km,primary,2,sa2,SA2,2,apartment,Apartment,2,sa4,SA4,3,high_irregularity,estimated,0.0413441881181743,0.00920413540115888,0.000119246769214565,0.0108392875333073,0.00989746188827957,0.283120729042013,-0.030504900584867,-73.7828023074845,0.000693326487120694,0.622965982081832,15081,Most irregular,4
shops1,Shops within 1 km,primary,2,sa2,SA2,2,house,House,1,none,No FE,1,low_residential,estimated,0.0705788732237309,0.00167920034367899,0,0.0556673026791543,0.00324690047002184,0.0000000000000000000000000000000000000000000000000000000000000000110577440692141,-0.0149115705445766,-21.1275270679199,0.00156770012634285,,45636,Low residential share,5
shops1,Shops within 1 km,primary,2,sa2,SA2,2,house,House,1,sa3,SA3,2,low_residential,estimated,0.034987315910426,0.00694693756418449,0.00000997701753686846,0.0181573122637208,0.0137710537336015,0.194650284838203,-0.0168300036467052,-48.1031574122265,0.00682411616941697,0.485872577285971,45636,Low residential share,5
shops1,Shops within 1 km,primary,2,sa2,SA2,2,house,House,1,sa4,SA4,3,low_residential,estimated,0.0408976721015494,0.0118805363386881,0.00221811849950499,0.0203381362928582,0.0182021259341386,0.275381210601401,-0.0205595358086912,-50.2706749607696,0.00632158959545049,0.390014383377031,45636,Low residential share,5
shops1,Shops within 1 km,primary,2,sa2,SA2,2,apartment,Apartment,2,none,No FE,1,low_residential,estimated,0.0640707602031228,0.00523011600392676,0.000000000000000000000000000000000656086892050027,0.0549356283794253,0.00528463044549398,0.000000000000000000000000533197880975398,-0.00913513182369741,-14.2578795611858,0.0000545144415672197,,4087,Low residential share,5
shops1,Shops within 1 km,primary,2,sa2,SA2,2,apartment,Apartment,2,sa3,SA3,2,low_residential,estimated,-0.000471814565544646,0.0293617483266593,0.987259212311599,0.0372174849858765,0.0319664075261904,0.251212531449397,0.0376892995514211,-7988.15939645991,0.00260465919953103,0.992591098737963,4084,Low residential share,5
shops1,Shops within 1 km,primary,2,sa2,SA2,2,apartment,Apartment,2,sa4,SA4,3,low_residential,estimated,0.0431478716369904,0.0197128810648941,0.0400502293522893,0.0891231439106137,0.0188453245669693,0.000113877896334368,0.0459752722736233,106.552816000799,-0.000867556497924825,0.931212363684296,4087,Low residential share,5
shops1,Shops within 1 km,primary,2,sa2,SA2,2,house,House,1,none,No FE,1,large_area,estimated,0.0734827926001387,0.00123791811461032,0,0.0229537154726422,0.00175738085267286,0.00000000000000000000000000000000000000613989146361825,-0.0505290771274964,-68.7631421446564,0.000519462738062544,,64318,Largest area,6
shops1,Shops within 1 km,primary,2,sa2,SA2,2,house,House,1,sa3,SA3,2,large_area,estimated,0.0335980720738005,0.00601460293310536,0.0000016756223688218,-0.0133381105416542,0.0153115050222981,0.388762673799858,-0.0469361826154546,-139.699035445713,0.00929690208919276,0.434625205814755,64318,Largest area,6
shops1,Shops within 1 km,primary,2,sa2,SA2,2,house,House,1,sa4,SA4,3,large_area,estimated,0.0460783892662786,0.00973208559465944,0.000191584543008451,-0.0099078289913583,0.0113641584535131,0.395437538135508,-0.0559862182576369,-121.50211660851,0.00163207285885364,0.248387244484454,64318,Largest area,6
shops1,Shops within 1 km,primary,2,sa2,SA2,2,apartment,Apartment,2,none,No FE,1,large_area,estimated,0.0654373191311204,0.00559821271288378,0.000000000000000000000000000000755490833711423,-0.0301937364198928,0.00775731439633123,0.000101634699525373,-0.0956310555510131,-146.141463037922,0.00215910168344745,,2792,Largest area,6
shops1,Shops within 1 km,primary,2,sa2,SA2,2,apartment,Apartment,2,sa3,SA3,2,large_area,estimated,0.00605584122478143,0.0216997367255519,0.781625584758131,-0.0510046670002518,0.0196653796714239,0.0132052540951429,-0.0570605082250333,-942.239172181941,-0.00203435705412796,0.527933492232225,2791,Largest area,6
shops1,Shops within 1 km,primary,2,sa2,SA2,2,apartment,Apartment,2,sa4,SA4,3,large_area,estimated,0.0271132993147633,0.0216184741099593,0.226750995504455,-0.057741976664184,0.0265413724075032,0.0439867915191176,-0.0848552759789473,-312.965511846591,0.00492289829754389,0.341753181671265,2792,Largest area,6
shops1,Shops within 1 km,primary,2,poa,Postcode,3,house,House,1,none,No FE,1,sydney,estimated,0.0138727562618897,0.000550463804268628,0.0000000000000000000000000000000000000000000000000000000000000000000000000000000000000000000000000000000000000000000000000000000000000000000721422514391375,0.0120737128959121,0.000518812178219255,0.0000000000000000000000000000000000000000000000000000000000000000000000000000000000000000000000000000000000000000000000135983757436564,-0.00179904336597758,-12.9681754080824,-0.0000316516260493735,,158324,Greater Sydney,2
shops1,Shops within 1 km,primary,2,poa,Postcode,3,house,House,1,sa3,SA3,2,sydney,estimated,0.00984112315706027,0.0026038998319997,0.000501431018342721,0.0122168128202238,0.00573038148577454,0.0390512007579713,0.00237568966316354,24.140432197103,0.00312648165377485,0.561289950642659,158324,Greater Sydney,2
shops1,Shops within 1 km,primary,2,poa,Postcode,3,house,House,1,sa4,SA4,3,sydney,estimated,0.0117059545996391,0.0020594444241117,0.0000145780878393362,0.0194200689143631,0.00607270498042795,0.00451753427718081,0.00771411431472402,65.899062302547,0.00401326055631625,0.340374453045386,158324,Greater Sydney,2
shops1,Shops within 1 km,primary,2,poa,Postcode,3,apartment,Apartment,2,none,No FE,1,sydney,estimated,0.0268035494694203,0.00126605371110124,0.00000000000000000000000000000000000000000000000000000000000000000000000000000000000000000000000000504650838351724,0.0212108114427991,0.000950294950599469,0.0000000000000000000000000000000000000000000000000000000000000000000000000000000000000000000000000000000000000856414355726986,-0.00559273802662119,-20.8656619639195,-0.000315758760501775,,47859,Greater Sydney,2
shops1,Shops within 1 km,primary,2,poa,Postcode,3,apartment,Apartment,2,sa3,SA3,2,sydney,estimated,0.0163762616845678,0.00552652674567222,0.00510691685672865,0.0266713582558655,0.00640600683994681,0.000161981142317858,0.0102950965712976,62.8659749678964,0.000879480094274593,0.648377514109272,47858,Greater Sydney,2
shops1,Shops within 1 km,primary,2,poa,Postcode,3,apartment,Apartment,2,sa4,SA4,3,sydney,estimated,0.0201907895002052,0.00651128917425577,0.0056334995750074,0.024714996333846,0.0060117565980676,0.000542541900297951,0.00452420683364084,22.407280476055,-0.000499532576188166,0.247289557163258,47858,Greater Sydney,2
shops1,Shops within 1 km,primary,2,poa,Postcode,3,house,House,1,none,No FE,1,high_clustering,estimated,0.0494281856825154,0.000984659256270227,0,0.0643088107900383,0.00170349135510871,0.0000000000000000000000000000000000000000000000000000000000000000000000000000000000000000000000000000000000000000000000000000000000000000000000000000000000000000000000000000000000000000000000000000000000000000000000000000000000000000000000000000000000000000000000000000000000000000000000000000000000000000000145604167747795,0.0148806251075229,30.1055458581938,0.000718832098838479,,73167,High clustering,3
shops1,Shops within 1 km,primary,2,poa,Postcode,3,house,House,1,sa3,SA3,2,high_clustering,estimated,0.0165204928897466,0.00482450575347009,0.00141170276596751,0.0291611213570164,0.0178322743792535,0.109641642281125,0.0126406284672697,76.5148385803615,0.0130077686257834,0.737007698019077,73167,High clustering,3
shops1,Shops within 1 km,primary,2,poa,Postcode,3,house,House,1,sa4,SA4,3,high_clustering,estimated,0.0237505142912774,0.0063517088753065,0.00087856204079687,0.0383514970992944,0.0191619100061499,0.0554875868967612,0.014600982808017,61.4764911148864,0.0128102011308434,0.486163627996834,73167,High clustering,3
shops1,Shops within 1 km,primary,2,poa,Postcode,3,apartment,Apartment,2,none,No FE,1,high_clustering,estimated,0.0467879405120542,0.00225975551771264,0.00000000000000000000000000000000000000000000000000000000000000000000000000000000000000000000058155950648309,0.0375198808857746,0.00155638673418234,0.00000000000000000000000000000000000000000000000000000000000000000000000000000000000000000000000000000000000000000000000000000434874264262645,-0.00926805962627952,-19.8086505301334,-0.000703368783530296,,15525,High clustering,3
shops1,Shops within 1 km,primary,2,poa,Postcode,3,apartment,Apartment,2,sa3,SA3,2,high_clustering,estimated,0.0299929365267974,0.00964370869216573,0.00344115256326338,0.0361767649161331,0.0206726242976721,0.0877895348366168,0.00618382838933571,20.6176156969849,0.0110289156055064,0.937781282921266,15523,High clustering,3
shops1,Shops within 1 km,primary,2,poa,Postcode,3,apartment,Apartment,2,sa4,SA4,3,high_clustering,estimated,0.0353648957073673,0.0103187321630186,0.00196846054936832,0.0439643069748924,0.0105923584391385,0.000296832149947371,0.00859941126752517,24.3162353388016,0.000273626276119925,0.596220172493194,15525,High clustering,3
shops1,Shops within 1 km,primary,2,poa,Postcode,3,house,House,1,none,No FE,1,high_irregularity,estimated,0.0467967984087991,0.00101905863375422,0,0.0614317648612115,0.00115916630936147,0,0.0146349664524124,31.2734352563328,0.000140107675607253,,75029,Most irregular,4
shops1,Shops within 1 km,primary,2,poa,Postcode,3,house,House,1,sa3,SA3,2,high_irregularity,estimated,0.0199146896577498,0.00507488329067203,0.000325108865545,0.00826152490678247,0.0213322513757571,0.700553080603283,-0.0116531647509673,-58.5154222899601,0.0162573680850851,0.834965728001555,75028,Most irregular,4
shops1,Shops within 1 km,primary,2,poa,Postcode,3,house,House,1,sa4,SA4,3,high_irregularity,estimated,0.0252171222702147,0.00551266989963025,0.0000955776108446194,0.0381630985514141,0.019025254276305,0.0549797651051548,0.0129459762811994,51.3380398543358,0.0135125843766748,0.619940670230569,75029,Most irregular,4
shops1,Shops within 1 km,primary,2,poa,Postcode,3,apartment,Apartment,2,none,No FE,1,high_irregularity,estimated,0.0626118124745076,0.00327321883709164,0.0000000000000000000000000000000000000000000000000000000000000000000000000000000366711506724074,0.0804524464791427,0.00266768486269115,0.0000000000000000000000000000000000000000000000000000000000000000000000000000000000000000000000000000000000000000000000000000000000000000000000000000000000000000000000000000000000000000000000180244051456796,0.0178406340046351,28.4940385840114,-0.000605533974400494,,10213,Most irregular,4
shops1,Shops within 1 km,primary,2,poa,Postcode,3,apartment,Apartment,2,sa3,SA3,2,high_irregularity,estimated,0.0102018270308954,0.0129780501666358,0.436450941073278,0.0305809117128784,0.0168184385661517,0.0765127488194157,0.020379084681983,199.759166865568,0.00384038839951596,0.876381758693625,10211,Most irregular,4
shops1,Shops within 1 km,primary,2,poa,Postcode,3,apartment,Apartment,2,sa4,SA4,3,high_irregularity,estimated,0.0214103131748366,0.0133221937969438,0.12010688698521,0.0581439246621024,0.0121434421262553,0.0000587976587423291,0.0367336114872658,171.569706558233,-0.00117875167068846,0.70535750480727,10213,Most irregular,4
shops1,Shops within 1 km,primary,2,poa,Postcode,3,house,House,1,none,No FE,1,low_residential,estimated,0.0748114188316436,0.00312905945382815,0.00000000000000000000000000000000000000000000000000000000000000000000000000000000000000000000000000000000000000000000000000229821352185376,0.239053568231213,0.0696742639138026,0.000603413939892424,0.16424214939957,219.541551229208,0.0665452044599744,,11641,Low residential share,5
shops1,Shops within 1 km,primary,2,poa,Postcode,3,house,House,1,sa3,SA3,2,low_residential,estimated,0.0313137858276469,0.00864416321493933,0.000849981548941339,0.167037316253509,0.0247666272220919,0.0000000546340740882022,0.135723530425862,433.430602013099,0.0161224640071526,0.715149605680594,11641,Low residential share,5
shops1,Shops within 1 km,primary,2,poa,Postcode,3,house,House,1,sa4,SA4,3,low_residential,estimated,0.049935057463225,0.0121574811541259,0.000932261084146369,0.174102675143199,0.0243887224879862,0.00000340011814336028,0.124167617679974,248.658205252727,0.0122312413338603,0.715147883477026,11641,Low residential share,5
shops1,Shops within 1 km,primary,2,poa,Postcode,3,apartment,Apartment,2,none,No FE,1,low_residential,not estimable: no focal variation,,,,,,,,,,,187,Low residential share,5
shops1,Shops within 1 km,primary,2,poa,Postcode,3,apartment,Apartment,2,sa3,SA3,2,low_residential,not estimable: no focal variation,,,,,,,,,,,187,Low residential share,5
shops1,Shops within 1 km,primary,2,poa,Postcode,3,apartment,Apartment,2,sa4,SA4,3,low_residential,not estimable: no focal variation,,,,,,,,,,,187,Low residential share,5
shops1,Shops within 1 km,primary,2,poa,Postcode,3,house,House,1,none,No FE,1,large_area,not estimable: no focal variation,,,,,,,,,,,60084,Largest area,6
shops1,Shops within 1 km,primary,2,poa,Postcode,3,house,House,1,sa3,SA3,2,large_area,not estimable: no focal variation,,,,,,,,,,,60084,Largest area,6
shops1,Shops within 1 km,primary,2,poa,Postcode,3,house,House,1,sa4,SA4,3,large_area,not estimable: no focal variation,,,,,,,,,,,60084,Largest area,6
shops1,Shops within 1 km,primary,2,poa,Postcode,3,apartment,Apartment,2,none,No FE,1,large_area,not estimable: no focal variation,,,,,,,,,,,2669,Largest area,6
shops1,Shops within 1 km,primary,2,poa,Postcode,3,apartment,Apartment,2,sa3,SA3,2,large_area,not estimable: no focal variation,,,,,,,,,,,2669,Largest area,6
shops1,Shops within 1 km,primary,2,poa,Postcode,3,apartment,Apartment,2,sa4,SA4,3,large_area,not estimable: no focal variation,,,,,,,,,,,2669,Largest area,6
